filename,Figure Ground,Proximity,Similarity,Continuity,Amodal,Global Mix,Size Diff,Count Diff,Camouflage
image_0000.jpg,True,True,False,False,False,False,False,False,False
image_0001.jpg,True,True,True,True,False,False,False,False,False
image_0002.jpg,True,True,True,True,False,False,False,False,False
image_0003.jpg,False,True,True,False,False,True,True,True,False
image_0004.jpg,False,True,True,True,False,False,False,False,False
image_0005.jpg,False,True,True,True,False,False,False,False,False
image_0006.jpg,False,False,True,False,True,False,False,False,False
image_0007.jpg,False,False,False,False,True,False,False,False,False
image_0008.jpg,False,True,True,False,False,False,False,False,False
image_0009.jpg,True,False,False,False,False,False,False,False,False
image_0010.jpg,True,True,True,False,False,False,False,False,True
image_0011.jpg,True,False,False,False,False,False,False,False,False
image_0012.jpg,True,False,False,False,False,False,False,False,False
image_0013.jpg,True,True,True,False,False,False,False,False,True
image_0014.jpg,True,True,True,False,False,False,False,False,True
image_0015.jpg,True,True,True,False,False,False,False,False,True
image_0016.jpg,True,True,True,False,False,False,False,False,True
image_0017.jpg,True,True,True,False,False,False,False,False,True
image_0018.jpg,True,True,True,False,False,False,False,False,True
image_0019.jpg,True,True,True,False,False,False,False,False,True
image_0020.jpg,True,False,True,False,False,False,False,False,False
image_0021.jpg,True,True,True,False,False,False,False,False,True
image_0022.jpg,False,False,False,False,False,False,False,False,False
image_0023.jpg,True,True,True,True,False,False,False,False,False
image_0024.jpg,False,False,True,True,True,False,False,False,False
image_0025.jpg,False,False,True,True,True,False,False,False,False
image_0026.jpg,True,True,True,True,False,False,False,False,False
image_0027.jpg,False,True,True,True,False,False,False,False,False
image_0028.jpg,True,True,False,True,False,False,False,False,False
image_0029.jpg,True,False,False,False,False,False,False,False,False
image_0030.jpg,True,True,True,True,False,False,False,False,False
image_0031.jpg,True,True,True,False,False,False,False,False,False
image_0032.jpg,False,True,False,True,False,False,False,True,False
image_0033.jpg,False,True,False,True,False,True,False,False,False
image_0034.jpg,True,True,False,False,False,False,False,False,False
image_0035.jpg,False,True,True,False,False,False,False,False,False
image_0036.jpg,True,False,False,False,False,False,False,False,False
image_0037.jpg,True,True,True,False,False,False,False,False,False
image_0038.jpg,False,False,True,False,True,False,False,False,False
image_0039.jpg,False,True,True,True,False,False,False,False,False
image_0040.jpg,True,True,True,True,False,False,False,False,False
image_0041.jpg,False,False,True,False,True,False,False,False,False
image_0042.jpg,False,True,True,True,False,False,False,False,False
image_0043.jpg,False,True,True,True,False,False,False,False,False
image_0044.jpg,False,True,True,False,False,False,True,False,False
image_0045.jpg,False,True,True,True,False,False,False,False,False
image_0046.jpg,False,False,True,False,True,False,False,False,False
image_0047.jpg,False,False,False,False,False,False,False,False,False
image_0048.jpg,False,True,True,True,False,False,False,False,False
image_0049.jpg,False,True,True,True,False,False,False,True,False
image_0050.jpg,False,True,True,True,False,False,False,False,False
image_0051.jpg,True,True,True,True,False,False,False,False,False
image_0052.jpg,True,True,True,True,False,False,False,False,False
image_0053.jpg,True,True,True,False,False,False,False,False,False
image_0054.jpg,True,False,False,False,True,False,False,False,False
image_0055.jpg,True,True,True,False,False,False,False,False,False
image_0056.jpg,True,False,False,False,False,False,False,False,False
image_0057.jpg,True,True,False,False,False,False,False,False,False
image_0058.jpg,False,True,True,True,False,False,True,False,False
image_0059.jpg,True,True,False,False,False,False,False,False,True
image_0060.jpg,False,False,True,False,True,False,False,False,False
image_0061.jpg,False,True,True,True,False,False,True,False,False
image_0062.jpg,False,False,True,False,False,False,False,False,False
image_0063.jpg,False,True,False,False,False,False,False,False,False
image_0064.jpg,False,True,False,True,False,False,False,False,False
image_0065.jpg,False,True,True,True,False,False,False,False,False
image_0066.jpg,False,True,True,True,False,False,False,True,False
image_0067.jpg,False,True,True,True,False,False,False,False,False
image_0068.jpg,False,True,True,False,False,True,False,False,False
image_0069.jpg,False,True,True,False,True,False,False,False,False
image_0070.jpg,True,True,False,False,False,False,False,False,False
image_0071.jpg,False,True,True,False,True,False,False,False,False
image_0072.jpg,False,False,True,True,True,False,True,False,False
image_0073.jpg,False,False,True,False,True,False,False,False,False
image_0074.jpg,False,True,False,False,False,True,False,False,False
image_0075.jpg,False,False,True,False,True,False,False,False,False
image_0076.jpg,False,False,True,True,True,False,False,False,False
image_0077.jpg,False,False,True,False,True,False,False,False,False
image_0078.jpg,False,False,False,False,True,False,False,False,False
image_0079.jpg,False,False,True,True,True,False,False,False,False
image_0080.jpg,False,True,False,True,False,False,False,False,False
image_0081.jpg,False,True,True,True,False,False,False,False,False
image_0082.jpg,False,True,True,True,False,False,False,False,False
image_0083.jpg,True,True,False,False,False,False,False,False,False
image_0084.jpg,False,True,True,True,False,False,False,False,False
image_0085.jpg,False,False,True,True,True,False,False,False,False
image_0086.jpg,False,True,True,True,False,False,False,False,False
image_0087.jpg,True,True,True,True,False,False,False,False,False
image_0088.jpg,False,True,True,True,False,False,False,False,False
image_0089.jpg,True,False,False,False,False,False,False,False,False
image_0090.jpg,True,True,False,True,False,False,False,False,False
image_0091.jpg,False,True,True,True,False,False,False,True,False
image_0092.jpg,False,True,True,True,False,False,False,True,False
image_0093.jpg,True,False,False,False,False,False,False,False,False
image_0094.jpg,True,True,False,False,False,False,False,False,False
image_0095.jpg,False,False,False,True,False,True,False,False,False
image_0096.jpg,False,True,True,True,False,False,False,True,False
image_0097.jpg,False,True,False,True,False,True,False,False,False
image_0098.jpg,True,True,True,False,False,False,False,False,True
image_0099.jpg,True,False,False,False,False,False,False,False,False
image_0100.jpg,True,True,True,True,False,False,False,False,False
image_0101.jpg,False,True,False,False,False,False,False,False,False
image_0102.jpg,False,False,True,True,True,False,False,False,False
image_0103.jpg,False,True,False,True,False,False,True,False,False
image_0104.jpg,False,False,True,True,True,False,False,False,False
image_0105.jpg,False,False,False,True,False,False,False,False,False
image_0106.jpg,False,True,True,True,False,False,False,True,False
image_0107.jpg,True,True,True,True,False,False,False,False,False
image_0108.jpg,False,False,False,False,True,False,False,False,False
image_0109.jpg,False,True,True,True,False,False,False,True,False
image_0110.jpg,False,True,True,False,False,False,False,False,False
image_0111.jpg,False,False,True,True,True,False,False,False,False
image_0112.jpg,True,True,False,True,False,False,False,False,False
image_0113.jpg,False,True,True,True,False,False,False,False,False
image_0114.jpg,False,True,True,True,False,False,False,False,False
image_0115.jpg,False,True,True,True,False,False,False,False,False
image_0116.jpg,False,True,True,True,False,False,False,False,False
image_0117.jpg,False,True,False,False,False,False,False,False,False
image_0118.jpg,False,True,False,True,False,True,False,False,False
image_0119.jpg,False,False,True,True,True,False,False,False,False
image_0120.jpg,False,True,True,False,False,False,False,False,False
image_0121.jpg,False,True,True,False,False,False,False,True,False
image_0122.jpg,False,True,True,True,False,False,False,False,False
image_0123.jpg,False,True,True,True,False,False,False,True,False
image_0124.jpg,True,True,True,True,False,False,False,False,False
image_0125.jpg,False,True,False,True,False,True,False,False,False
image_0126.jpg,False,True,True,False,False,False,False,False,False
image_0127.jpg,True,True,True,True,False,False,False,False,False
image_0128.jpg,False,True,True,True,False,True,False,False,False
image_0129.jpg,False,False,False,False,False,False,False,False,False
image_0130.jpg,True,True,True,False,False,False,False,False,True
image_0131.jpg,False,True,True,True,False,False,False,False,False
image_0132.jpg,False,True,True,True,False,False,True,False,False
image_0133.jpg,False,True,False,False,False,True,False,False,False
image_0134.jpg,False,True,True,True,False,False,False,False,False
image_0135.jpg,False,True,True,True,False,False,False,False,False
image_0136.jpg,False,True,True,True,False,False,False,False,False
image_0137.jpg,True,False,False,False,False,False,False,False,False
image_0138.jpg,False,True,True,True,False,False,False,False,False
image_0139.jpg,False,True,True,True,False,False,False,False,False
image_0140.jpg,False,True,True,False,False,False,False,False,False
image_0141.jpg,True,True,True,False,False,False,False,False,False
image_0142.jpg,True,True,False,False,False,False,False,False,False
image_0143.jpg,False,True,False,True,False,False,False,False,False
image_0144.jpg,True,True,True,False,False,False,False,False,True
image_0145.jpg,False,True,True,True,False,False,False,False,False
image_0146.jpg,False,True,True,False,False,False,False,False,False
image_0147.jpg,False,True,True,True,False,False,False,True,False
image_0148.jpg,False,True,True,True,False,False,False,False,False
image_0149.jpg,False,True,True,True,False,False,False,True,False
image_0150.jpg,False,True,True,True,False,False,False,False,False
image_0151.jpg,False,True,True,False,False,False,False,False,False
image_0152.jpg,True,False,False,False,False,False,False,False,False
image_0153.jpg,False,True,False,True,False,False,False,False,False
image_0154.jpg,False,True,True,False,False,False,False,False,False
image_0155.jpg,True,True,False,True,False,False,False,False,False
image_0156.jpg,True,False,False,False,False,False,False,False,False
image_0157.jpg,False,True,False,True,False,False,False,False,False
image_0158.jpg,True,True,True,False,False,False,False,False,False
image_0159.jpg,False,True,True,False,False,False,False,False,False
image_0160.jpg,False,True,True,True,False,False,False,False,False
image_0161.jpg,True,True,True,True,False,False,True,False,False
image_0162.jpg,True,True,True,False,False,False,False,False,True
image_0163.jpg,True,True,True,False,False,False,False,False,True
image_0164.jpg,True,True,True,False,False,False,False,False,True
image_0165.jpg,True,True,True,False,False,False,False,False,True
image_0166.jpg,True,True,True,False,False,False,False,False,True
image_0167.jpg,True,True,True,False,False,False,False,False,True
image_0168.jpg,True,True,True,False,False,False,False,False,True
image_0169.jpg,True,True,True,False,False,False,False,False,True
image_0170.jpg,False,True,False,False,False,False,False,False,False
image_0171.jpg,False,True,True,False,False,False,False,True,False
image_0172.jpg,False,False,False,False,False,False,False,False,False
image_0173.jpg,True,True,True,False,False,False,False,False,True
image_0174.jpg,True,True,True,False,False,False,False,False,True
image_0175.jpg,True,True,True,False,False,False,False,False,True
image_0176.jpg,True,True,True,False,False,False,False,False,True
image_0177.jpg,True,True,True,False,False,False,False,False,True
image_0178.jpg,True,True,True,False,False,False,False,False,True
image_0179.jpg,True,True,False,True,False,False,False,False,False
image_0180.jpg,False,True,True,False,False,False,False,False,False
image_0181.jpg,True,True,True,False,False,False,False,False,True
image_0182.jpg,False,False,True,True,True,False,False,False,False
image_0183.jpg,True,True,True,False,False,False,False,False,True
image_0184.jpg,True,True,False,True,False,False,False,False,False
image_0185.jpg,False,True,True,True,False,False,False,False,False
image_0186.jpg,True,True,True,False,False,False,False,False,True
image_0187.jpg,False,True,True,True,False,False,False,False,False
image_0188.jpg,True,True,True,False,False,False,False,False,True
image_0189.jpg,True,True,True,False,False,False,False,False,True
image_0190.jpg,True,True,True,False,False,False,False,False,True
image_0191.jpg,True,True,True,False,False,False,False,False,True
image_0192.jpg,True,True,True,False,False,False,False,False,True
image_0193.jpg,False,True,True,True,False,False,False,False,False
image_0194.jpg,False,True,False,False,False,True,False,False,False
image_0195.jpg,True,True,True,False,False,False,False,False,True
image_0196.jpg,True,True,True,False,False,False,False,False,True
image_0197.jpg,True,True,True,False,False,False,False,False,True
image_0198.jpg,True,True,False,False,False,False,False,False,False
image_0199.jpg,True,True,True,False,False,False,False,False,True
image_0200.jpg,True,True,True,False,False,False,False,False,True
image_0201.jpg,True,False,True,False,False,False,False,False,False
image_0202.jpg,True,True,True,False,False,False,False,False,True
image_0203.jpg,True,True,True,False,False,False,False,False,True
image_0204.jpg,True,True,True,False,False,False,False,False,False
image_0205.jpg,True,True,True,False,False,False,False,False,True
image_0206.jpg,True,True,True,False,False,False,False,False,True
image_0207.jpg,True,True,True,False,False,False,False,False,True
image_0208.jpg,True,False,False,False,False,False,False,False,False
image_0209.jpg,True,True,True,False,False,False,False,False,True
image_0210.jpg,True,False,True,True,False,False,False,False,False
image_0211.jpg,True,True,True,False,False,False,False,False,True
image_0212.jpg,True,True,True,False,False,False,False,False,True
image_0213.jpg,True,True,True,False,False,False,False,False,True
image_0214.jpg,True,True,True,False,False,False,False,False,True
image_0215.jpg,True,True,True,False,False,False,False,False,True
image_0216.jpg,True,True,True,False,False,False,False,False,True
image_0217.jpg,True,True,True,False,False,False,False,False,True
image_0218.jpg,True,True,True,False,False,False,False,False,True
image_0219.jpg,True,True,True,False,False,False,False,False,True
image_0220.jpg,True,True,True,False,False,False,False,False,True
image_0221.jpg,True,True,True,False,False,False,False,False,True
image_0222.jpg,True,True,True,False,False,False,False,False,True
image_0223.jpg,True,True,True,False,False,False,False,False,True
image_0224.jpg,True,True,True,False,False,False,False,False,True
image_0225.jpg,True,True,True,False,False,False,False,False,True
image_0226.jpg,True,True,True,False,False,False,False,False,True
image_0227.jpg,True,True,True,False,False,False,False,False,True
image_0228.jpg,True,True,True,False,False,False,False,False,True
image_0229.jpg,True,True,True,False,False,False,False,False,True
image_0230.jpg,True,True,True,False,False,False,False,False,True
image_0231.jpg,True,True,True,False,False,False,False,False,True
image_0232.jpg,True,True,True,False,False,False,False,False,True
image_0233.jpg,True,True,True,False,False,False,False,False,True
image_0234.jpg,True,True,True,False,False,False,False,False,True
image_0235.jpg,True,True,True,False,False,False,False,False,True
image_0236.jpg,True,False,True,False,False,False,False,False,False
image_0237.jpg,True,True,True,False,False,False,False,False,True
image_0238.jpg,True,True,True,False,False,False,False,False,True
image_0239.jpg,True,True,True,False,False,False,False,False,True
image_0240.jpg,True,True,True,False,False,False,False,False,True
image_0241.jpg,True,True,True,False,False,False,False,False,True
image_0242.jpg,True,True,True,False,False,False,False,False,True
image_0243.jpg,True,True,True,False,False,False,False,False,True
image_0244.jpg,False,False,True,True,True,False,False,False,False
image_0245.jpg,True,True,True,False,False,False,False,False,True
image_0246.jpg,False,True,True,True,False,True,False,False,False
image_0247.jpg,True,False,False,False,False,False,False,False,False
image_0248.jpg,False,True,False,False,False,True,False,False,False
image_0249.jpg,False,True,True,True,False,False,True,False,False
image_0250.jpg,False,True,True,True,False,False,False,True,False
image_0251.jpg,False,True,True,True,False,False,False,False,False
image_0252.jpg,False,True,True,False,False,False,False,False,False
image_0253.jpg,False,True,True,True,False,False,False,False,False
image_0254.jpg,False,True,True,False,False,False,False,False,False
image_0255.jpg,False,True,True,True,False,False,False,False,False
image_0256.jpg,True,True,True,False,False,False,False,False,False
image_0257.jpg,False,True,True,True,False,False,False,False,False
image_0258.jpg,False,True,True,True,False,True,False,False,False
image_0259.jpg,False,True,False,True,False,False,False,False,False
image_0260.jpg,False,True,True,False,False,False,False,False,False
image_0261.jpg,False,True,False,True,False,True,False,False,False
image_0262.jpg,False,True,True,True,False,False,False,False,False
image_0263.jpg,False,True,True,False,False,False,False,False,False
image_0264.jpg,True,True,False,True,False,False,False,False,False
image_0265.jpg,True,True,True,True,False,False,False,False,False
image_0266.jpg,True,True,True,False,False,False,False,False,True
image_0267.jpg,False,False,True,True,False,False,False,False,False
image_0268.jpg,True,False,False,False,False,False,False,False,False
image_0269.jpg,False,False,False,True,False,False,False,False,False
image_0270.jpg,False,True,True,True,False,False,False,False,False
image_0271.jpg,False,True,True,True,False,False,False,False,False
image_0272.jpg,False,True,True,True,False,False,True,True,False
image_0273.jpg,False,True,True,False,False,False,False,True,False
image_0274.jpg,False,True,True,True,False,False,False,False,False
image_0275.jpg,False,True,False,False,False,False,True,False,False
image_0276.jpg,True,True,True,False,False,False,False,False,True
image_0277.jpg,True,False,False,False,False,False,False,False,False
image_0278.jpg,False,True,False,True,False,True,False,False,False
image_0279.jpg,False,True,True,True,False,True,False,False,False
image_0280.jpg,False,True,False,False,False,False,False,False,False
image_0281.jpg,False,True,True,True,False,False,False,False,False
image_0282.jpg,False,True,True,True,False,False,False,False,False
image_0283.jpg,True,True,True,True,False,False,False,False,False
image_0284.jpg,True,True,True,False,False,False,False,False,False
image_0285.jpg,True,False,False,False,False,False,False,False,False
image_0286.jpg,True,True,True,False,False,False,False,False,True
image_0287.jpg,True,True,True,False,False,False,False,False,True
image_0288.jpg,False,True,True,True,False,False,True,False,False
image_0289.jpg,True,True,True,False,False,False,False,False,True
image_0290.jpg,True,True,True,True,False,False,False,False,False
image_0291.jpg,True,True,True,False,False,False,False,False,True
image_0292.jpg,True,True,True,False,False,False,False,False,True
image_0293.jpg,True,True,True,False,False,False,False,False,True
image_0294.jpg,False,False,True,False,True,False,True,False,False
image_0295.jpg,True,True,True,False,False,False,False,False,True
image_0296.jpg,True,True,True,False,False,False,False,False,True
image_0297.jpg,True,True,True,True,False,False,False,False,False
image_0298.jpg,False,True,False,True,False,False,False,False,False
image_0299.jpg,True,True,True,False,False,False,False,False,True
image_0300.jpg,True,True,True,True,False,False,False,False,False
image_0301.jpg,True,True,False,False,False,False,False,False,False
image_0302.jpg,False,True,True,False,False,False,False,False,False
image_0303.jpg,True,True,False,True,False,False,False,False,False
image_0304.jpg,True,True,True,False,False,False,False,False,True
image_0305.jpg,True,True,False,True,False,False,False,False,False
image_0306.jpg,True,True,True,False,False,False,False,False,True
image_0307.jpg,True,True,False,False,False,False,False,False,False
image_0308.jpg,True,True,True,False,False,False,False,False,True
image_0309.jpg,False,True,True,True,False,False,False,False,False
image_0310.jpg,True,True,True,False,False,False,False,False,True
image_0311.jpg,True,True,True,True,False,False,False,False,False
image_0312.jpg,False,True,True,False,False,False,False,False,False
image_0313.jpg,False,True,True,True,False,False,False,False,False
image_0314.jpg,True,True,True,False,False,False,False,False,True
image_0315.jpg,True,True,True,False,False,False,False,False,True
image_0316.jpg,False,True,True,True,False,False,False,True,False
image_0317.jpg,True,False,False,False,False,False,False,False,False
image_0318.jpg,False,True,True,True,False,False,False,True,False
image_0319.jpg,False,True,True,False,False,False,False,False,False
image_0320.jpg,True,True,True,False,False,False,False,False,True
image_0321.jpg,True,True,True,False,False,False,False,False,True
image_0322.jpg,True,True,True,False,False,False,False,False,True
image_0323.jpg,True,True,True,False,False,False,False,False,True
image_0324.jpg,False,True,False,True,False,False,False,False,False
image_0325.jpg,True,False,False,False,False,False,False,False,False
image_0326.jpg,True,True,True,True,True,False,False,False,False
image_0327.jpg,True,True,True,True,False,False,False,False,False
image_0328.jpg,False,True,False,False,False,True,False,False,False
image_0329.jpg,False,True,True,True,False,True,False,False,False
image_0330.jpg,False,True,False,True,False,True,False,False,False
image_0331.jpg,False,True,False,False,False,True,False,False,False
image_0332.jpg,False,True,False,True,False,True,False,False,False
image_0333.jpg,False,True,True,True,False,False,False,False,False
image_0334.jpg,True,True,True,False,False,False,False,False,False
image_0335.jpg,False,True,True,False,False,False,False,False,False
image_0336.jpg,False,False,True,False,True,False,False,False,False
image_0337.jpg,False,False,False,False,False,False,False,False,False
image_0338.jpg,True,True,True,True,False,False,False,False,False
image_0339.jpg,False,True,True,True,False,False,False,False,False
image_0340.jpg,False,True,True,False,False,False,True,False,False
image_0341.jpg,False,False,False,False,False,False,False,False,False
image_0342.jpg,False,True,True,True,False,False,False,False,False
image_0343.jpg,True,True,True,False,False,False,False,False,False
image_0344.jpg,True,True,True,True,False,False,False,True,False
image_0345.jpg,False,False,True,True,True,False,False,False,False
image_0346.jpg,False,True,True,True,False,False,False,False,False
image_0347.jpg,False,True,False,True,False,False,False,False,False
image_0348.jpg,False,True,True,False,False,False,False,False,False
image_0349.jpg,False,True,True,True,False,False,False,False,False
image_0350.jpg,False,True,True,True,False,False,False,False,False
image_0351.jpg,False,True,True,True,False,False,False,False,False
image_0352.jpg,False,True,False,False,False,False,False,False,False
image_0353.jpg,False,True,True,True,False,False,False,False,False
image_0354.jpg,False,True,False,True,False,False,False,False,False
image_0355.jpg,False,True,True,True,False,False,False,False,False
image_0356.jpg,False,True,True,True,False,False,False,False,False
image_0357.jpg,False,True,True,True,False,False,False,False,False
image_0358.jpg,False,True,True,True,False,False,False,False,False
image_0359.jpg,False,True,True,True,False,False,True,False,False
image_0360.jpg,False,True,True,True,False,False,False,False,False
image_0361.jpg,False,True,True,False,False,False,False,False,False
image_0362.jpg,False,True,True,True,False,False,True,False,False
image_0363.jpg,False,True,True,True,False,False,False,False,False
image_0364.jpg,False,False,True,True,False,False,False,False,False
image_0365.jpg,False,True,False,True,False,False,True,False,False
image_0366.jpg,False,True,True,True,False,False,False,False,False
image_0367.jpg,False,True,True,True,False,False,False,False,False
image_0368.jpg,False,True,False,False,False,False,False,False,False
image_0369.jpg,False,True,True,False,False,False,False,False,False
image_0370.jpg,False,True,False,True,False,True,False,False,False
image_0371.jpg,False,True,False,False,False,False,False,False,False
image_0372.jpg,False,True,True,True,False,False,False,True,False
image_0373.jpg,False,True,True,True,False,False,False,False,False
image_0374.jpg,False,True,True,True,False,False,False,False,False
image_0375.jpg,False,True,True,True,False,True,False,False,False
image_0376.jpg,False,True,True,True,False,False,False,False,False
image_0377.jpg,False,True,True,True,False,False,False,False,False
image_0378.jpg,False,True,True,True,False,False,False,False,False
image_0379.jpg,True,True,True,False,False,False,False,False,False
image_0380.jpg,False,False,False,False,False,False,False,False,False
image_0381.jpg,True,False,False,False,False,False,False,False,False
image_0382.jpg,False,True,False,True,False,False,False,False,False
image_0383.jpg,False,True,True,False,False,True,False,False,False
image_0384.jpg,False,True,True,False,False,False,False,False,False
image_0385.jpg,False,True,True,True,False,False,False,False,False
image_0386.jpg,True,True,True,False,False,False,False,False,False
image_0387.jpg,False,False,False,False,False,False,False,False,False
image_0388.jpg,False,True,True,True,False,False,False,False,False
image_0389.jpg,False,True,True,True,False,False,False,False,False
image_0390.jpg,False,True,True,True,False,False,True,False,False
image_0391.jpg,False,True,True,True,False,False,True,False,False
image_0392.jpg,True,True,True,False,False,False,False,False,True
image_0393.jpg,True,False,False,False,False,False,False,False,False
image_0394.jpg,True,True,True,True,False,False,False,False,False
image_0395.jpg,False,True,True,True,False,False,False,False,False
image_0396.jpg,True,True,True,True,False,False,False,False,False
image_0397.jpg,False,True,True,True,False,False,False,False,False
image_0398.jpg,False,True,True,True,False,False,False,False,False
image_0399.jpg,False,True,True,False,False,True,False,False,False
image_0400.jpg,False,True,False,True,False,True,False,False,False
image_0401.jpg,False,True,True,True,False,True,False,False,False
image_0402.jpg,False,True,True,False,False,True,False,False,False
image_0403.jpg,False,True,True,True,False,False,False,False,False
image_0404.jpg,True,True,False,True,False,False,False,False,False
image_0405.jpg,True,False,False,False,False,False,False,False,False
image_0406.jpg,False,True,False,False,False,True,False,False,False
image_0407.jpg,True,False,True,False,False,False,False,False,False
image_0408.jpg,False,True,True,False,False,False,True,False,False
image_0409.jpg,False,True,False,False,False,False,True,False,False
image_0410.jpg,False,True,True,True,False,True,False,False,False
image_0411.jpg,False,False,True,True,True,False,False,False,False
image_0412.jpg,True,True,True,True,False,False,False,False,False
image_0413.jpg,True,False,False,False,False,False,False,False,False
image_0414.jpg,True,True,True,False,False,False,False,False,False
image_0415.jpg,True,True,True,True,False,False,False,False,False
image_0416.jpg,False,True,True,False,False,False,True,False,False
image_0417.jpg,False,True,True,True,False,False,False,False,False
image_0418.jpg,False,True,True,True,False,False,True,False,False
image_0419.jpg,False,True,True,True,False,False,False,False,False
image_0420.jpg,False,True,True,True,False,False,False,False,False
image_0421.jpg,False,True,False,True,False,False,False,False,False
image_0422.jpg,False,True,True,False,False,False,False,False,False
image_0423.jpg,True,True,False,True,False,False,False,False,False
image_0424.jpg,False,True,False,False,False,True,False,False,False
image_0425.jpg,False,True,True,True,False,False,False,False,False
image_0426.jpg,False,True,True,True,False,True,False,False,False
image_0427.jpg,False,True,False,False,False,True,False,False,False
image_0428.jpg,False,True,True,True,False,False,False,False,False
image_0429.jpg,True,True,False,False,False,False,False,False,False
image_0430.jpg,False,True,True,True,False,False,False,False,False
image_0431.jpg,False,True,False,True,False,True,False,False,False
image_0432.jpg,True,True,True,True,False,False,False,False,False
image_0433.jpg,True,True,True,False,False,False,False,False,True
image_0434.jpg,True,True,True,False,False,False,False,False,True
image_0435.jpg,True,True,True,False,False,False,False,False,True
image_0436.jpg,True,True,True,False,False,False,False,False,True
image_0437.jpg,True,True,True,False,False,False,False,False,False
image_0438.jpg,True,True,True,True,False,False,False,False,False
image_0439.jpg,True,True,True,True,False,False,False,False,False
image_0440.jpg,True,True,True,True,False,False,False,False,False
image_0441.jpg,True,True,True,False,False,False,False,False,False
image_0442.jpg,True,True,True,False,False,False,False,False,True
image_0443.jpg,True,True,True,False,False,False,False,False,True
image_0444.jpg,True,True,True,False,False,False,False,False,True
image_0445.jpg,True,True,True,False,False,False,False,False,False
image_0446.jpg,False,True,True,True,False,True,False,False,False
image_0447.jpg,False,True,True,False,False,False,False,False,False
image_0448.jpg,False,True,True,True,False,False,False,False,False
image_0449.jpg,False,True,True,True,False,False,False,False,False
image_0450.jpg,True,True,True,True,False,False,False,False,False
image_0451.jpg,False,True,True,True,False,False,False,False,False
image_0452.jpg,False,True,True,True,False,False,False,False,False
image_0453.jpg,False,True,True,True,False,False,False,False,False
image_0454.jpg,False,True,True,True,False,True,False,False,False
image_0455.jpg,True,False,False,False,False,False,False,False,False
image_0456.jpg,True,True,True,False,False,False,False,False,False
image_0457.jpg,False,True,True,True,False,False,False,False,False
image_0458.jpg,False,True,True,True,False,False,False,False,False
image_0459.jpg,False,True,True,False,False,False,False,False,False
image_0460.jpg,False,True,True,True,False,False,False,False,False
image_0461.jpg,False,True,False,False,False,False,False,False,False
image_0462.jpg,False,True,True,True,False,False,False,False,False
image_0463.jpg,False,False,True,True,True,False,False,False,False
image_0464.jpg,False,True,True,True,False,False,False,False,False
image_0465.jpg,False,True,True,True,False,False,False,False,False
image_0466.jpg,False,True,True,True,False,False,False,False,False
image_0467.jpg,True,False,False,False,False,False,False,False,False
image_0468.jpg,False,False,False,False,False,False,False,False,False
image_0469.jpg,False,True,True,True,False,False,False,True,False
image_0470.jpg,True,True,False,False,False,False,False,False,False
image_0471.jpg,False,True,True,False,False,False,False,False,False
image_0472.jpg,True,True,True,True,False,False,False,False,False
image_0473.jpg,False,True,True,True,False,False,False,False,False
image_0474.jpg,False,True,True,True,False,False,False,False,False
image_0475.jpg,False,True,True,False,False,False,True,False,False
image_0476.jpg,True,False,False,False,False,False,False,False,False
image_0477.jpg,False,True,False,True,False,False,False,True,False
image_0478.jpg,True,False,True,True,False,False,False,False,False
image_0479.jpg,False,True,False,True,False,True,False,False,False
image_0480.jpg,True,True,True,True,False,False,False,False,False
image_0481.jpg,True,True,True,True,False,False,False,False,False
image_0482.jpg,False,True,False,False,False,False,False,False,False
image_0483.jpg,False,True,True,True,False,False,False,False,False
image_0484.jpg,False,True,False,False,False,False,False,False,False
image_0485.jpg,False,True,False,True,False,True,False,False,False
image_0486.jpg,False,True,True,True,False,True,False,False,False
image_0487.jpg,False,True,True,True,False,False,False,False,False
image_0488.jpg,False,True,True,True,False,False,False,False,False
image_0489.jpg,False,True,True,True,False,False,False,False,False
image_0490.jpg,False,True,True,True,False,False,False,False,False
image_0491.jpg,True,False,False,False,False,False,False,False,False
image_0492.jpg,True,False,False,False,False,False,False,False,False
image_0493.jpg,True,True,False,True,False,False,False,False,False
image_0494.jpg,False,True,False,True,False,True,False,False,False
image_0495.jpg,False,True,True,True,False,False,False,False,False
image_0496.jpg,False,True,False,False,False,False,False,False,False
image_0497.jpg,False,True,False,True,False,False,False,False,False
image_0498.jpg,False,True,False,False,False,False,False,False,False
image_0499.jpg,False,True,True,True,False,False,False,False,False
image_0500.jpg,False,True,True,True,False,False,False,False,False
image_0501.jpg,False,True,True,True,False,False,False,False,False
image_0502.jpg,True,True,True,False,False,False,False,False,False
image_0503.jpg,True,True,True,True,False,False,False,False,False
image_0504.jpg,False,True,False,False,False,False,False,False,False
image_0505.jpg,False,True,True,True,False,False,False,False,False
image_0506.jpg,False,True,True,False,False,False,False,False,False
image_0507.jpg,False,True,True,True,False,False,False,False,False
image_0508.jpg,False,True,True,False,False,False,False,False,False
image_0509.jpg,True,True,True,False,False,False,False,False,False
image_0510.jpg,False,True,True,False,False,False,False,False,False
image_0511.jpg,False,True,True,True,False,False,False,False,False
image_0512.jpg,False,True,True,True,False,False,True,False,False
image_0513.jpg,False,False,True,True,False,False,False,False,False
image_0514.jpg,False,False,True,False,False,False,False,False,False
image_0515.jpg,True,True,True,False,False,False,False,False,False
image_0516.jpg,False,True,True,True,False,False,False,False,False
image_0517.jpg,False,True,True,True,False,False,False,False,False
image_0518.jpg,False,False,True,True,True,False,False,False,False
image_0519.jpg,False,True,True,True,False,False,False,False,False
image_0520.jpg,False,True,True,True,False,False,True,False,False
image_0521.jpg,False,True,True,True,False,False,False,False,False
image_0522.jpg,True,True,True,False,False,False,False,False,False
image_0523.jpg,False,True,False,True,False,False,False,False,False
image_0524.jpg,False,True,True,True,False,False,False,False,False
image_0525.jpg,False,False,True,True,True,False,False,False,False
image_0526.jpg,False,True,False,True,False,False,False,False,False
image_0527.jpg,True,True,True,True,False,False,False,False,False
image_0528.jpg,False,True,True,True,False,False,False,False,False
image_0529.jpg,True,False,False,False,False,False,False,False,False
image_0530.jpg,False,True,True,True,False,False,False,False,False
image_0531.jpg,False,True,True,True,False,False,False,False,False
image_0532.jpg,False,True,True,False,False,False,False,False,False
image_0533.jpg,False,True,True,True,False,False,False,False,False
image_0534.jpg,False,True,True,False,False,False,False,False,False
image_0535.jpg,False,True,True,True,False,False,False,False,False
image_0536.jpg,False,True,True,True,False,False,False,False,False
image_0537.jpg,False,True,True,True,False,False,False,False,False
image_0538.jpg,False,True,True,False,False,False,False,False,False
image_0539.jpg,False,True,True,False,False,False,False,False,False
image_0540.jpg,True,True,True,False,False,False,False,False,False
image_0541.jpg,True,True,True,True,False,False,False,False,False
image_0542.jpg,True,True,True,False,False,False,False,False,False
image_0543.jpg,False,True,True,True,False,True,False,False,False
image_0544.jpg,True,True,True,True,False,False,False,False,False
image_0545.jpg,True,True,False,False,False,False,False,False,False
image_0546.jpg,True,True,False,True,False,False,False,False,False
image_0547.jpg,True,True,False,False,False,False,True,False,False
image_0548.jpg,False,True,True,True,False,False,False,False,False
image_0549.jpg,False,True,False,False,False,False,False,False,False
image_0550.jpg,False,True,True,False,False,False,False,False,False
image_0551.jpg,False,True,True,True,False,False,False,False,False
image_0552.jpg,False,True,False,False,False,True,False,False,False
image_0553.jpg,False,True,True,True,False,False,False,False,False
image_0554.jpg,False,True,False,False,False,False,False,False,False
image_0555.jpg,False,False,True,True,True,False,False,False,False
image_0556.jpg,True,True,True,True,False,False,False,False,False
image_0557.jpg,False,True,True,True,False,False,False,False,False
image_0558.jpg,False,False,True,False,True,False,False,False,False
image_0559.jpg,True,True,True,True,False,False,False,False,False
image_0560.jpg,False,True,False,False,False,True,False,False,False
image_0561.jpg,False,False,True,False,True,False,False,False,False
image_0562.jpg,False,False,True,False,True,False,False,False,False
image_0563.jpg,False,True,True,True,False,False,False,False,False
image_0564.jpg,False,True,True,True,False,False,False,False,False
image_0565.jpg,False,False,True,True,True,False,False,False,False
image_0566.jpg,False,True,False,True,False,True,False,False,False
image_0567.jpg,False,False,True,False,False,False,False,False,False
image_0568.jpg,False,True,True,True,False,False,False,False,False
image_0569.jpg,True,True,True,False,False,False,False,False,False
image_0570.jpg,False,False,False,True,True,False,False,False,False
image_0571.jpg,False,True,True,True,False,False,True,False,False
image_0572.jpg,True,True,True,False,False,False,False,False,False
image_0573.jpg,True,True,True,False,False,False,False,False,False
image_0574.jpg,False,False,True,False,True,False,False,False,False
image_0575.jpg,False,True,True,True,False,False,False,False,False
image_0576.jpg,True,True,False,True,False,False,False,False,False
image_0577.jpg,False,True,True,False,False,False,True,False,False
image_0578.jpg,False,True,True,False,False,False,False,False,False
image_0579.jpg,False,True,False,True,False,False,False,False,False
image_0580.jpg,True,True,False,True,False,False,False,False,False
image_0581.jpg,False,True,False,True,False,False,False,False,False
image_0582.jpg,False,False,True,True,True,False,False,False,False
image_0583.jpg,False,True,True,True,False,False,False,False,False
image_0584.jpg,True,True,True,True,False,False,False,False,False
image_0585.jpg,False,True,True,True,False,False,False,False,False
image_0586.jpg,True,True,True,False,False,False,False,False,True
image_0587.jpg,False,True,True,True,False,False,False,False,False
image_0588.jpg,False,True,True,True,False,False,True,False,False
image_0589.jpg,False,True,True,True,False,False,False,True,False
image_0590.jpg,False,True,True,False,False,False,True,False,False
image_0591.jpg,False,True,True,True,False,False,False,False,False
image_0592.jpg,False,False,True,True,True,False,False,False,False
image_0593.jpg,False,True,False,True,False,False,False,False,False
image_0594.jpg,False,True,True,True,False,False,False,False,False
image_0595.jpg,False,True,False,True,False,False,False,False,False
image_0596.jpg,False,True,True,False,False,False,True,False,False
image_0597.jpg,True,True,True,True,False,False,False,False,False
image_0598.jpg,False,False,True,True,True,False,False,False,False
image_0599.jpg,False,True,True,False,False,False,False,False,False
image_0600.jpg,False,False,True,True,True,False,False,False,False
image_0601.jpg,False,False,True,True,False,False,False,False,False
image_0602.jpg,True,True,True,False,False,False,False,False,False
image_0603.jpg,True,True,True,False,False,False,False,False,False
image_0604.jpg,False,True,True,True,False,False,False,False,False
image_0605.jpg,True,True,True,True,False,False,False,False,False
image_0606.jpg,False,True,True,True,False,False,False,False,False
image_0607.jpg,True,True,True,False,False,False,False,False,True
image_0608.jpg,True,True,True,False,False,False,False,False,False
image_0609.jpg,True,True,True,False,False,False,False,False,True
image_0610.jpg,False,False,True,True,False,False,False,False,False
image_0611.jpg,True,True,True,False,False,False,False,False,False
image_0612.jpg,True,False,False,False,False,False,False,False,False
image_0613.jpg,True,False,False,False,False,False,False,False,False
image_0614.jpg,True,True,True,False,False,False,False,False,False
image_0615.jpg,False,True,True,True,False,False,False,False,False
image_0616.jpg,True,True,True,False,False,False,False,False,True
image_0617.jpg,True,True,True,False,False,False,False,False,True
image_0618.jpg,False,True,True,True,False,False,True,False,False
image_0619.jpg,False,True,False,True,False,False,False,False,False
image_0620.jpg,False,True,True,True,False,False,False,False,False
image_0621.jpg,True,True,True,False,False,False,False,False,False
image_0622.jpg,False,True,True,True,False,False,False,True,False
image_0623.jpg,False,True,True,False,False,False,False,False,False
image_0624.jpg,True,True,False,False,False,False,False,False,False
image_0625.jpg,False,True,True,True,False,False,False,False,False
image_0626.jpg,False,True,True,False,False,False,False,False,False
image_0627.jpg,False,True,False,False,False,False,False,False,False
image_0628.jpg,False,True,True,False,False,False,True,False,False
image_0629.jpg,False,False,True,False,True,False,False,False,False
image_0630.jpg,False,True,False,False,False,False,True,False,False
image_0631.jpg,False,True,True,True,False,False,False,True,False
image_0632.jpg,False,True,True,True,False,False,True,False,False
image_0633.jpg,True,True,False,False,False,False,False,False,False
image_0634.jpg,True,True,True,True,False,False,False,False,False
image_0635.jpg,False,True,True,True,False,False,False,False,False
image_0636.jpg,False,False,True,False,True,False,False,False,False
image_0637.jpg,True,True,True,False,False,False,False,False,False
image_0638.jpg,False,True,True,True,False,False,False,False,False
image_0639.jpg,True,True,True,False,False,False,False,False,False
image_0640.jpg,False,True,True,True,False,False,False,False,False
image_0641.jpg,True,True,True,False,False,False,False,False,True
image_0642.jpg,True,True,True,False,False,False,False,False,True
image_0643.jpg,True,True,True,False,False,False,False,False,True
image_0644.jpg,False,False,True,False,True,False,False,False,False
image_0645.jpg,False,True,True,False,False,False,False,False,False
image_0646.jpg,False,True,True,True,False,False,True,False,False
image_0647.jpg,True,True,True,False,False,False,False,False,True
image_0648.jpg,True,True,True,False,False,False,False,False,True
image_0649.jpg,True,True,True,False,False,False,False,False,True
image_0650.jpg,True,True,True,False,False,False,False,False,True
image_0651.jpg,True,True,True,False,False,False,False,False,True
image_0652.jpg,True,True,True,False,False,False,False,False,True
image_0653.jpg,True,True,True,False,False,False,False,False,True
image_0654.jpg,True,True,True,False,False,False,False,False,True
image_0655.jpg,True,True,True,False,False,False,False,False,True
image_0656.jpg,True,True,True,False,False,False,False,False,True
image_0657.jpg,True,True,True,False,False,False,False,False,True
image_0658.jpg,False,True,False,False,False,False,False,False,False
image_0659.jpg,False,True,True,False,False,False,False,False,False
image_0660.jpg,True,True,True,False,False,False,False,False,True
image_0661.jpg,True,True,True,False,False,False,False,False,False
image_0662.jpg,True,True,True,False,False,False,False,False,True
image_0663.jpg,True,True,True,False,False,False,False,False,True
image_0664.jpg,False,True,False,False,False,False,False,False,False
image_0665.jpg,False,True,False,False,False,True,False,False,False
image_0666.jpg,True,True,True,False,False,False,False,False,True
image_0667.jpg,True,False,False,False,False,False,False,False,False
image_0668.jpg,True,True,True,False,False,False,False,False,True
image_0669.jpg,False,True,False,False,False,False,False,False,False
image_0670.jpg,False,True,False,True,False,True,False,False,False
image_0671.jpg,False,True,True,True,False,False,False,False,False
image_0672.jpg,False,True,True,True,False,False,False,False,False
image_0673.jpg,False,True,False,False,False,False,False,False,False
image_0674.jpg,False,True,False,False,False,False,False,False,False
image_0675.jpg,False,True,False,True,False,False,False,False,False
image_0676.jpg,True,True,True,False,False,False,False,False,False
image_0677.jpg,True,True,True,True,False,False,False,False,False
image_0678.jpg,True,True,True,True,False,False,False,False,False
image_0679.jpg,False,False,True,True,True,False,False,False,False
image_0680.jpg,False,True,False,True,False,True,False,False,False
image_0681.jpg,True,True,True,True,False,False,False,False,False
image_0682.jpg,True,True,True,False,False,False,False,True,False
image_0683.jpg,True,True,False,True,False,False,False,False,False
image_0684.jpg,True,True,False,True,False,False,False,False,False
image_0685.jpg,True,True,False,False,False,False,False,False,False
image_0686.jpg,True,True,True,True,False,False,False,True,False
image_0687.jpg,False,True,False,False,False,False,False,False,False
image_0688.jpg,False,True,False,False,False,True,False,False,False
image_0689.jpg,True,True,False,True,False,False,False,False,False
image_0690.jpg,False,False,False,True,False,False,True,False,False
image_0691.jpg,False,True,True,True,False,False,False,False,False
image_0692.jpg,False,True,False,True,False,False,False,False,False
image_0693.jpg,False,True,False,False,False,True,False,False,False
image_0694.jpg,False,True,True,False,False,False,False,False,False
image_0695.jpg,False,True,False,False,False,False,False,False,False
image_0696.jpg,False,True,True,True,False,False,False,False,False
image_0697.jpg,False,True,False,False,False,True,False,False,False
image_0698.jpg,True,True,False,True,False,False,False,False,False
image_0699.jpg,True,True,True,True,False,False,False,False,False
image_0700.jpg,False,False,False,False,False,False,False,False,False
image_0701.jpg,True,True,False,False,False,False,False,False,False
image_0702.jpg,False,True,True,True,False,False,False,False,False
image_0703.jpg,True,False,False,False,False,False,False,False,False
image_0704.jpg,False,True,False,True,False,False,False,False,False
image_0705.jpg,True,True,True,False,False,False,False,False,True
image_0706.jpg,True,False,False,False,False,False,False,False,False
image_0707.jpg,True,False,False,False,False,False,False,False,False
image_0708.jpg,False,True,False,True,False,True,False,False,False
image_0709.jpg,False,True,True,True,False,False,False,False,False
image_0710.jpg,True,True,True,False,False,False,False,False,True
image_0711.jpg,True,True,True,False,False,False,False,False,True
image_0712.jpg,True,True,True,False,False,False,False,False,True
image_0713.jpg,True,True,True,False,False,False,False,False,False
image_0714.jpg,False,True,True,False,False,False,False,False,False
image_0715.jpg,False,False,True,True,True,False,False,False,False
image_0716.jpg,True,True,False,False,False,False,False,False,False
image_0717.jpg,False,True,True,True,False,False,True,True,False
image_0718.jpg,True,True,True,True,False,False,False,False,False
image_0719.jpg,True,True,True,False,False,False,False,False,True
image_0720.jpg,False,True,True,True,False,False,False,False,False
image_0721.jpg,False,True,False,False,False,False,False,False,False
image_0722.jpg,False,True,True,True,False,True,False,False,False
image_0723.jpg,False,True,False,False,False,False,False,False,False
image_0724.jpg,False,True,True,True,False,False,False,False,False
image_0725.jpg,False,True,True,False,False,False,False,True,False
image_0726.jpg,True,True,False,False,False,False,False,False,False
image_0727.jpg,False,True,True,False,False,False,False,False,False
image_0728.jpg,True,False,False,False,False,False,False,False,False
image_0729.jpg,True,True,True,True,False,False,False,False,False
image_0730.jpg,False,True,True,True,False,False,False,False,False
image_0731.jpg,True,True,True,False,False,False,False,False,False
image_0732.jpg,False,True,True,True,False,False,False,False,False
image_0733.jpg,False,True,True,False,False,True,False,False,False
image_0734.jpg,True,True,True,True,False,False,False,False,False
image_0735.jpg,True,False,False,False,False,False,False,False,False
image_0736.jpg,False,True,True,True,False,True,False,False,False
image_0737.jpg,False,False,False,False,False,False,False,False,False
image_0738.jpg,False,True,True,True,False,False,False,False,False
image_0739.jpg,False,True,True,True,False,False,False,False,False
image_0740.jpg,False,True,True,True,False,False,False,False,False
image_0741.jpg,False,True,False,False,False,False,False,False,False
image_0742.jpg,True,True,True,False,False,False,False,False,False
image_0743.jpg,True,True,True,True,False,False,False,False,False
image_0744.jpg,False,True,False,False,False,False,False,False,False
image_0745.jpg,False,True,True,False,False,False,False,False,False
image_0746.jpg,False,True,False,True,False,False,False,False,False
image_0747.jpg,False,True,False,False,False,True,False,False,False
image_0748.jpg,False,True,False,True,False,False,False,False,False
image_0749.jpg,True,True,True,False,False,False,False,False,True
image_0750.jpg,True,True,True,True,False,False,False,False,False
image_0751.jpg,False,False,True,True,True,False,False,False,False
image_0752.jpg,False,True,True,False,False,False,False,False,False
image_0753.jpg,False,False,True,True,True,False,False,False,False
image_0754.jpg,True,True,True,True,False,False,False,False,False
image_0755.jpg,False,True,True,True,False,False,False,False,False
image_0756.jpg,True,False,True,True,False,False,False,False,False
image_0757.jpg,False,False,False,False,True,False,False,False,False
image_0758.jpg,False,False,True,False,True,False,False,False,False
image_0759.jpg,True,True,False,True,False,False,False,False,False
image_0760.jpg,False,True,False,True,False,True,False,False,False
image_0761.jpg,True,True,True,False,False,False,False,False,False
image_0762.jpg,True,True,True,False,False,False,False,False,True
image_0763.jpg,False,True,True,True,False,True,False,False,False
image_0764.jpg,False,False,True,False,True,False,False,False,False
image_0765.jpg,True,True,False,True,False,False,False,False,False
image_0766.jpg,False,False,True,True,True,False,False,False,False
image_0767.jpg,False,True,False,True,False,False,False,False,False
image_0768.jpg,False,True,False,True,False,False,False,False,False
image_0769.jpg,False,True,True,True,False,False,False,True,False
image_0770.jpg,True,True,True,False,False,False,False,False,True
image_0771.jpg,True,True,False,True,False,False,False,False,False
image_0772.jpg,False,True,True,True,False,False,False,False,False
image_0773.jpg,False,True,False,False,False,False,False,False,False
image_0774.jpg,True,True,True,False,False,False,False,False,True
image_0775.jpg,False,True,True,False,False,False,False,False,False
image_0776.jpg,False,True,False,True,False,True,False,False,False
image_0777.jpg,False,True,True,False,False,False,False,False,False
image_0778.jpg,False,True,False,False,False,False,False,False,False
image_0779.jpg,False,True,False,False,False,False,False,False,False
image_0780.jpg,False,True,False,True,False,False,False,False,False
image_0781.jpg,False,True,False,False,False,False,False,False,False
image_0782.jpg,False,True,False,True,False,False,False,False,False
image_0783.jpg,False,True,False,False,False,False,False,False,False
image_0784.jpg,False,True,True,False,False,False,False,False,False
image_0785.jpg,False,False,True,True,True,False,False,False,False
image_0786.jpg,True,False,False,False,False,False,False,False,False
image_0787.jpg,False,True,False,True,False,True,False,False,False
image_0788.jpg,False,True,False,False,False,True,False,False,False
image_0789.jpg,True,True,True,True,False,False,False,False,False
image_0790.jpg,True,True,True,False,False,False,False,False,True
image_0791.jpg,True,True,False,True,False,False,False,False,False
image_0792.jpg,False,True,True,True,False,False,False,False,False
image_0793.jpg,True,False,True,False,False,False,False,False,False
image_0794.jpg,False,True,True,True,False,False,True,False,False
image_0795.jpg,False,True,True,True,False,False,False,False,False
image_0796.jpg,True,True,True,True,False,False,False,False,False
image_0797.jpg,False,False,False,False,False,False,True,False,False
image_0798.jpg,True,True,True,True,False,False,False,False,False
image_0799.jpg,False,False,True,False,True,False,False,False,False
image_0800.jpg,False,False,True,False,True,False,False,False,False
image_0801.jpg,False,True,True,True,False,False,False,False,False
image_0802.jpg,False,True,True,True,False,False,True,False,False
image_0803.jpg,False,True,True,True,False,False,False,True,False
image_0804.jpg,False,True,True,False,False,False,False,False,False
image_0805.jpg,False,False,True,True,True,False,False,False,False
image_0806.jpg,False,True,False,False,False,False,False,False,False
image_0807.jpg,False,True,True,True,False,False,True,False,False
image_0808.jpg,False,True,False,True,False,True,False,False,False
image_0809.jpg,False,False,False,False,True,False,False,False,False
image_0810.jpg,False,True,True,False,False,False,False,True,False
image_0811.jpg,True,False,True,False,False,False,False,False,False
image_0812.jpg,True,True,True,True,False,False,False,False,False
image_0813.jpg,True,True,False,True,False,False,False,False,False
image_0814.jpg,False,True,True,False,False,False,False,False,False
image_0815.jpg,False,True,False,False,False,True,False,False,False
image_0816.jpg,True,True,False,False,False,False,False,False,False
image_0817.jpg,True,True,True,False,False,False,False,False,False
image_0818.jpg,True,True,True,False,False,False,False,False,True
image_0819.jpg,True,False,False,False,False,False,False,False,False
image_0820.jpg,True,False,False,False,False,False,False,False,False
image_0821.jpg,True,True,True,False,False,False,False,False,True
image_0822.jpg,True,True,True,False,False,False,False,False,True
image_0823.jpg,True,False,True,False,False,False,False,False,False
image_0824.jpg,False,True,True,True,False,True,False,False,False
image_0825.jpg,True,True,False,True,False,False,False,False,False
image_0826.jpg,True,True,True,True,False,False,False,False,False
image_0827.jpg,False,True,True,True,False,False,False,True,False
image_0828.jpg,True,True,False,False,False,False,False,False,False
image_0829.jpg,True,True,False,False,False,False,False,False,False
image_0830.jpg,False,False,True,False,True,False,False,False,False
image_0831.jpg,False,True,True,True,False,False,False,False,False
image_0832.jpg,False,True,False,True,False,False,False,False,False
image_0833.jpg,False,True,True,False,False,True,False,False,False
image_0834.jpg,False,True,True,False,False,False,False,False,False
image_0835.jpg,False,True,True,True,False,False,True,False,False
image_0836.jpg,False,True,False,False,False,False,False,False,False
image_0837.jpg,False,False,True,True,False,False,False,False,False
image_0838.jpg,False,True,False,True,False,False,True,False,False
image_0839.jpg,True,True,True,False,False,False,False,False,True
image_0840.jpg,True,True,True,False,False,False,False,False,True
image_0841.jpg,True,True,True,False,False,False,False,False,True
image_0842.jpg,False,False,False,False,False,False,False,False,False
image_0843.jpg,False,True,True,True,False,False,False,True,False
image_0844.jpg,True,True,True,True,False,False,False,False,False
image_0845.jpg,True,False,False,False,False,False,False,False,False
image_0846.jpg,True,True,True,False,False,False,False,False,True
image_0847.jpg,True,True,True,False,False,False,False,False,True
image_0848.jpg,True,True,True,False,False,False,False,False,True
image_0849.jpg,True,True,True,False,False,False,False,False,True
image_0850.jpg,True,True,True,False,False,False,False,False,True
image_0851.jpg,True,True,True,False,False,False,False,False,True
image_0852.jpg,True,True,True,False,False,False,False,False,True
image_0853.jpg,False,True,True,True,False,False,False,False,False
image_0854.jpg,True,False,True,False,False,False,False,False,False
image_0855.jpg,False,True,False,True,False,True,False,False,False
image_0856.jpg,True,True,False,True,False,False,False,False,False
image_0857.jpg,True,True,False,True,False,False,False,False,False
image_0858.jpg,False,True,True,False,False,True,False,False,False
image_0859.jpg,False,False,True,True,False,False,False,False,False
image_0860.jpg,False,True,True,True,False,True,False,False,False
image_0861.jpg,False,True,True,True,False,True,False,False,False
image_0862.jpg,False,True,True,False,False,True,False,False,False
image_0863.jpg,False,True,True,True,False,True,False,False,False
image_0864.jpg,False,True,False,True,False,False,False,False,False
image_0865.jpg,False,True,False,False,False,False,False,False,False
image_0866.jpg,False,True,True,True,False,False,True,False,False
image_0867.jpg,True,True,True,False,False,False,False,False,False
image_0868.jpg,False,True,True,True,False,False,False,False,False
image_0869.jpg,False,True,True,True,False,True,False,False,False
image_0870.jpg,True,True,False,True,False,False,False,False,False
image_0871.jpg,False,True,False,False,False,False,False,False,False
image_0872.jpg,False,True,False,False,False,True,False,False,False
image_0873.jpg,False,True,False,False,False,False,False,False,False
image_0874.jpg,False,False,True,True,True,False,False,False,False
image_0875.jpg,False,False,True,True,True,False,False,False,False
image_0876.jpg,True,True,True,True,False,False,False,False,False
image_0877.jpg,False,True,False,False,False,True,False,False,False
image_0878.jpg,True,True,False,False,False,False,False,False,False
image_0879.jpg,True,True,False,False,False,False,False,False,False
image_0880.jpg,True,True,True,True,False,False,False,False,False
image_0881.jpg,False,True,False,False,False,True,False,False,False
image_0882.jpg,False,False,True,False,False,False,False,False,False
image_0883.jpg,False,True,True,False,False,False,False,False,False
image_0884.jpg,True,True,False,False,False,False,False,False,False
image_0885.jpg,True,True,False,False,False,False,False,False,False
image_0886.jpg,False,True,False,True,False,True,False,False,False
image_0887.jpg,True,True,True,True,False,False,False,False,False
image_0888.jpg,True,False,True,False,True,False,False,False,False
image_0889.jpg,False,True,True,True,False,True,False,False,False
image_0890.jpg,False,True,True,True,False,False,False,False,False
image_0891.jpg,False,False,False,False,False,True,False,False,False
image_0892.jpg,True,True,False,False,False,False,False,False,False
image_0893.jpg,True,True,True,False,False,False,False,False,True
image_0894.jpg,False,True,True,True,False,False,False,False,False
image_0895.jpg,False,True,False,True,False,False,False,False,False
image_0896.jpg,False,True,True,True,False,False,False,False,False
image_0897.jpg,True,True,True,False,False,False,False,False,False
image_0898.jpg,True,False,False,False,False,False,False,False,False
image_0899.jpg,True,True,False,True,False,False,False,False,False
image_0900.jpg,False,True,True,True,False,False,False,False,False
image_0901.jpg,False,True,False,False,False,False,False,False,False
image_0902.jpg,False,True,True,True,False,False,False,False,False
image_0903.jpg,False,True,False,False,False,True,False,False,False
image_0904.jpg,False,True,False,True,False,False,False,False,False
image_0905.jpg,True,True,True,True,False,False,False,False,False
image_0906.jpg,True,True,False,True,False,False,False,False,False
image_0907.jpg,False,True,True,True,False,False,False,False,False
image_0908.jpg,False,False,True,True,True,False,False,False,False
image_0909.jpg,True,True,True,False,False,False,False,False,True
image_0910.jpg,True,True,True,False,False,False,False,False,False
image_0911.jpg,True,True,True,False,False,False,False,False,False
image_0912.jpg,True,True,True,False,False,False,False,False,False
image_0913.jpg,False,True,True,False,False,False,False,False,True
image_0914.jpg,True,True,True,False,False,False,False,False,True
image_0915.jpg,True,True,True,False,False,False,False,False,True
image_0916.jpg,True,True,True,False,False,False,False,False,False
image_0917.jpg,False,True,True,False,False,False,False,False,True
image_0918.jpg,True,True,True,False,False,False,False,False,True
image_0919.jpg,True,True,True,True,False,False,False,False,False
image_0920.jpg,True,True,True,True,False,False,False,False,False
image_0921.jpg,True,True,True,False,False,False,False,False,True
image_0922.jpg,False,True,True,True,False,False,False,False,False
image_0923.jpg,True,True,True,False,False,False,False,False,True
image_0924.jpg,True,True,True,True,False,False,False,False,False
image_0925.jpg,False,True,True,True,False,True,False,False,False
image_0926.jpg,True,True,True,True,False,False,False,False,False
image_0927.jpg,False,True,True,True,False,False,False,False,False
image_0928.jpg,True,True,True,False,False,False,False,False,True
image_0929.jpg,True,True,False,False,False,False,False,False,False
image_0930.jpg,True,True,True,False,False,False,False,False,True
image_0931.jpg,False,True,True,False,False,False,False,False,False
image_0932.jpg,True,True,True,False,False,False,False,False,False
image_0933.jpg,True,True,True,False,False,False,False,False,True
image_0934.jpg,True,True,True,False,False,False,False,False,True
image_0935.jpg,True,True,True,False,False,False,False,False,True
image_0936.jpg,True,True,False,True,False,False,False,False,False
image_0937.jpg,True,True,True,False,False,False,False,False,False
image_0938.jpg,True,True,True,False,False,False,False,False,True
image_0939.jpg,True,True,True,False,False,False,False,False,True
image_0940.jpg,False,False,True,True,False,False,False,False,False
image_0941.jpg,False,False,True,False,True,False,False,True,False
image_0942.jpg,False,True,True,True,False,False,False,False,False
image_0943.jpg,True,True,False,True,False,False,False,False,False
image_0944.jpg,False,True,True,True,False,False,True,False,False
image_0945.jpg,True,True,True,False,False,False,False,False,True
image_0946.jpg,False,True,True,True,False,False,False,False,False
image_0947.jpg,True,False,False,False,False,False,False,False,False
image_0948.jpg,False,True,True,True,False,False,True,False,False
image_0949.jpg,True,False,False,True,False,False,False,False,False
image_0950.jpg,True,False,False,False,False,False,False,False,False
image_0951.jpg,True,True,False,False,False,False,False,False,False
image_0952.jpg,True,False,False,False,False,False,False,False,False
image_0953.jpg,True,True,False,False,False,False,False,False,False
image_0954.jpg,True,True,True,False,False,False,False,False,True
image_0955.jpg,True,True,True,True,False,False,False,False,False
image_0956.jpg,True,True,True,False,False,False,False,False,False
image_0957.jpg,False,False,True,False,True,False,False,False,False
image_0958.jpg,False,True,True,True,False,False,False,False,False
image_0959.jpg,False,True,True,True,False,False,False,False,False
image_0960.jpg,False,True,True,True,False,False,True,True,False
image_0961.jpg,True,True,True,False,False,False,False,False,True
image_0962.jpg,False,True,True,True,False,False,False,False,False
image_0963.jpg,False,True,False,True,False,True,False,False,False
image_0964.jpg,False,False,True,True,True,False,False,False,False
image_0965.jpg,True,True,True,False,False,False,False,False,True
image_0966.jpg,False,False,True,True,True,False,False,True,False
image_0967.jpg,True,True,True,True,False,False,False,False,False
image_0968.jpg,True,True,True,False,False,False,False,False,True
image_0969.jpg,True,True,True,True,False,False,False,False,False
image_0970.jpg,True,True,True,True,False,False,False,False,False
image_0971.jpg,True,True,False,True,False,False,False,False,False
image_0972.jpg,True,True,True,False,False,False,False,False,True
image_0973.jpg,True,True,True,False,False,False,False,False,False
image_0974.jpg,False,True,True,False,False,False,False,False,False
image_0975.jpg,False,True,True,True,False,False,True,False,False
image_0976.jpg,False,False,False,False,False,True,False,False,False
image_0977.jpg,False,True,False,False,False,False,True,False,False
image_0978.jpg,False,True,True,False,False,False,False,False,False
image_0979.jpg,False,True,True,False,True,False,False,False,False
image_0980.jpg,False,True,False,False,False,False,False,False,False
image_0981.jpg,True,True,True,False,False,False,False,False,True
image_0982.jpg,False,False,True,False,True,True,False,False,False
image_0983.jpg,True,False,False,False,False,False,False,False,False
