filename,Correct,Human
image_0000.jpg,CONFUSION NOT IN FIRST,CONFUSION IN FIRST
image_0001.jpg,CONFUSION NOT IN FIRST,CONFUSION IN FIRST
image_0002.jpg,CONFUSION NOT IN FIRST,CONFUSION IN FIRST
image_0003.jpg,FIRST AND SECOND,HUMAN AND FIRST AND SECOND
image_0004.jpg,FIRST AND SECOND,HUMAN AND FIRST AND SECOND
image_0005.jpg,FIRST AND SECOND,HUMAN AND FIRST AND SECOND
image_0006.jpg,FIRST AND SECOND,HUMAN AND FIRST AND SECOND
image_0007.jpg,FIRST AND SECOND,HUMAN AND FIRST AND SECOND
image_0008.jpg,FIRST AND SECOND,HUMAN AND FIRST AND SECOND
image_0009.jpg,FIRST NOT FOUND,FIRST IDENTIFY
image_0010.jpg,FIRST IDENTIFY,FIRST NOT FOUND
image_0011.jpg,FIRST IDENTIFY,FIRST NOT FOUND
image_0012.jpg,FIRST NOT FOUND,FIRST IDENTIFY
image_0013.jpg,FIRST IDENTIFY,FIRST NOT FOUND
image_0014.jpg,FIRST IDENTIFY,FIRST NOT FOUND
image_0015.jpg,FIRST IDENTIFY,FIRST NOT FOUND
image_0016.jpg,FIRST IDENTIFY,FIRST NOT FOUND
image_0017.jpg,FIRST IDENTIFY,FIRST NOT FOUND
image_0018.jpg,FIRST IDENTIFY,FIRST NOT FOUND
image_0019.jpg,FIRST IDENTIFY,FIRST NOT FOUND
image_0020.jpg,FIRST IDENTIFY,FIRST NOT FOUND
image_0021.jpg,FIRST IDENTIFY,FIRST NOT FOUND
image_0022.jpg,FIRST IDENTIFY,FIRST NOT FOUND
image_0023.jpg,CONFUSION NOT IN FIRST,HUMAN AND CONFUSION
image_0024.jpg,FIRST AND SECOND,HUMAN AND FIRST AND SECOND
image_0025.jpg,FIRST AND SECOND,HUMAN AND FIRST AND SECOND
image_0026.jpg,CONFUSION NOT IN FIRST,HUMAN AND CONFUSION
image_0027.jpg,CONFUSION NOT IN FIRST,HUMAN AND CONFUSION
image_0028.jpg,CONFUSION NOT IN FIRST,HUMAN AND CONFUSION
image_0029.jpg,FIRST NOT FOUND,FIRST IDENTIFY
image_0030.jpg,CONFUSION NOT IN FIRST,HUMAN AND CONFUSION
image_0031.jpg,CONFUSION NOT IN FIRST,HUMAN AND CONFUSION
image_0032.jpg,CONFUSION NOT IN FIRST,HUMAN AND CONFUSION
image_0033.jpg,FIRST AND SECOND,HUMAN AND FIRST AND SECOND
image_0034.jpg,CONFUSION NOT IN FIRST,HUMAN AND CONFUSION
image_0035.jpg,CONFUSION NOT IN FIRST,HUMAN AND CONFUSION
image_0036.jpg,CONFUSION NOT IN FIRST,HUMAN AND CONFUSION
image_0037.jpg,CONFUSION NOT IN FIRST,HUMAN AND CONFUSION
image_0038.jpg,CONFUSION NOT IN FIRST,HUMAN AND CONFUSION
image_0039.jpg,CONFUSION NOT IN FIRST,HUMAN AND CONFUSION
image_0040.jpg,CONFUSION NOT IN FIRST,HUMAN AND CONFUSION
image_0041.jpg,CONFUSION NOT IN FIRST,HUMAN AND CONFUSION
image_0042.jpg,CONFUSION NOT IN FIRST,HUMAN AND CONFUSION
image_0043.jpg,FIRST AND SECOND,HUMAN AND FIRST AND SECOND
image_0044.jpg,CONFUSION NOT IN FIRST,HUMAN AND CONFUSION
image_0045.jpg,FIRST AND SECOND,HUMAN AND FIRST AND SECOND
image_0046.jpg,FIRST AND SECOND,HUMAN AND FIRST AND SECOND
image_0047.jpg,FIRST NOT FOUND,FIRST IDENTIFY
image_0048.jpg,CONFUSION NOT IN FIRST,HUMAN AND CONFUSION
image_0049.jpg,FIRST AND SECOND,HUMAN AND FIRST AND SECOND
image_0050.jpg,FIRST AND SECOND,HUMAN AND FIRST AND SECOND
image_0051.jpg,CONFUSION NOT IN FIRST,HUMAN AND CONFUSION
image_0052.jpg,CONFUSION NOT IN FIRST,HUMAN AND CONFUSION
image_0053.jpg,CONFUSION NOT IN FIRST,HUMAN AND CONFUSION
image_0054.jpg,CONFUSION NOT IN FIRST,HUMAN AND CONFUSION
image_0055.jpg,CONFUSION NOT IN FIRST,HUMAN AND CONFUSION
image_0056.jpg,FIRST IDENTIFY,FIRST NOT FOUND
image_0057.jpg,CONFUSION NOT IN FIRST,HUMAN AND CONFUSION
image_0058.jpg,CONFUSION NOT IN FIRST,HUMAN AND CONFUSION
image_0059.jpg,FIRST IDENTIFY,FIRST NOT FOUND
image_0060.jpg,FIRST AND SECOND,HUMAN AND FIRST AND SECOND
image_0061.jpg,CONFUSION NOT IN FIRST,HUMAN AND CONFUSION
image_0062.jpg,CONFUSION NOT IN FIRST,HUMAN AND CONFUSION
image_0063.jpg,FIRST AND SECOND,HUMAN AND FIRST AND SECOND
image_0064.jpg,FIRST AND SECOND,HUMAN AND FIRST AND SECOND
image_0065.jpg,FIRST AND SECOND,HUMAN AND FIRST AND SECOND
image_0066.jpg,FIRST AND SECOND,HUMAN AND FIRST AND SECOND
image_0067.jpg,FIRST AND SECOND,HUMAN AND FIRST AND SECOND
image_0068.jpg,FIRST AND SECOND,HUMAN AND FIRST AND SECOND
image_0069.jpg,FIRST AND SECOND,HUMAN AND FIRST AND SECOND
image_0070.jpg,CONFUSION NOT IN FIRST,CONFUSION IN FIRST
image_0071.jpg,FIRST AND SECOND,HUMAN AND FIRST AND SECOND
image_0072.jpg,CONFUSION NOT IN FIRST,HUMAN AND CONFUSION
image_0073.jpg,FIRST AND SECOND,HUMAN AND FIRST AND SECOND
image_0074.jpg,FIRST AND SECOND,HUMAN AND FIRST AND SECOND
image_0075.jpg,FIRST AND SECOND,HUMAN AND FIRST AND SECOND
image_0076.jpg,FIRST AND SECOND,HUMAN AND FIRST AND SECOND
image_0077.jpg,FIRST AND SECOND,HUMAN AND FIRST AND SECOND
image_0078.jpg,FIRST AND SECOND,HUMAN AND FIRST AND SECOND
image_0079.jpg,FIRST AND SECOND,HUMAN AND FIRST AND SECOND
image_0080.jpg,FIRST AND SECOND,HUMAN AND FIRST AND SECOND
image_0081.jpg,CONFUSION NOT IN FIRST,HUMAN AND CONFUSION
image_0082.jpg,CONFUSION NOT IN FIRST,HUMAN AND CONFUSION
image_0083.jpg,FIRST IDENTIFY,FIRST NOT FOUND
image_0084.jpg,CONFUSION NOT IN FIRST,HUMAN AND CONFUSION
image_0085.jpg,FIRST AND SECOND,HUMAN AND FIRST AND SECOND
image_0086.jpg,FIRST AND SECOND,HUMAN AND FIRST AND SECOND
image_0087.jpg,CONFUSION NOT IN FIRST,HUMAN AND CONFUSION
image_0088.jpg,CONFUSION NOT IN FIRST,HUMAN AND CONFUSION
image_0089.jpg,FIRST NOT FOUND,FIRST IDENTIFY
image_0090.jpg,CONFUSION NOT IN FIRST,HUMAN AND CONFUSION
image_0091.jpg,CONFUSION NOT IN FIRST,HUMAN AND CONFUSION
image_0092.jpg,CONFUSION NOT IN FIRST,HUMAN AND CONFUSION
image_0093.jpg,FIRST IDENTIFY,FIRST NOT FOUND
image_0094.jpg,CONFUSION NOT IN FIRST,HUMAN AND CONFUSION
image_0095.jpg,FIRST AND SECOND,HUMAN AND FIRST AND SECOND
image_0096.jpg,FIRST AND SECOND,HUMAN AND FIRST AND SECOND
image_0097.jpg,FIRST AND SECOND,HUMAN AND FIRST AND SECOND
image_0098.jpg,FIRST IDENTIFY,FIRST NOT FOUND
image_0099.jpg,FIRST NOT FOUND,FIRST IDENTIFY
image_0100.jpg,CONFUSION NOT IN FIRST,HUMAN AND CONFUSION
image_0101.jpg,FIRST AND SECOND,HUMAN AND FIRST AND SECOND
image_0102.jpg,CONFUSION NOT IN FIRST,HUMAN AND CONFUSION
image_0103.jpg,CONFUSION NOT IN FIRST,HUMAN AND CONFUSION
image_0104.jpg,CONFUSION NOT IN FIRST,HUMAN AND CONFUSION
image_0105.jpg,CONFUSION NOT IN FIRST,HUMAN AND CONFUSION
image_0106.jpg,FIRST AND SECOND,HUMAN AND FIRST AND SECOND
image_0107.jpg,CONFUSION NOT IN FIRST,HUMAN AND CONFUSION
image_0108.jpg,FIRST AND SECOND,HUMAN AND FIRST AND SECOND
image_0109.jpg,FIRST AND SECOND,HUMAN AND FIRST AND SECOND
image_0110.jpg,CONFUSION NOT IN FIRST,HUMAN AND CONFUSION
image_0111.jpg,CONFUSION NOT IN FIRST,HUMAN AND CONFUSION
image_0112.jpg,CONFUSION NOT IN FIRST,HUMAN AND CONFUSION
image_0113.jpg,CONFUSION NOT IN FIRST,HUMAN AND CONFUSION
image_0114.jpg,CONFUSION NOT IN FIRST,HUMAN AND CONFUSION
image_0115.jpg,CONFUSION NOT IN FIRST,HUMAN AND CONFUSION
image_0116.jpg,CONFUSION NOT IN FIRST,HUMAN AND CONFUSION
image_0117.jpg,FIRST AND SECOND,HUMAN AND FIRST AND SECOND
image_0118.jpg,FIRST AND SECOND,HUMAN AND FIRST AND SECOND
image_0119.jpg,CONFUSION NOT IN FIRST,HUMAN AND CONFUSION
image_0120.jpg,CONFUSION NOT IN FIRST,HUMAN AND CONFUSION
image_0121.jpg,FIRST AND SECOND,HUMAN AND FIRST AND SECOND
image_0122.jpg,CONFUSION NOT IN FIRST,HUMAN AND CONFUSION
image_0123.jpg,FIRST AND SECOND,HUMAN AND FIRST AND SECOND
image_0124.jpg,CONFUSION NOT IN FIRST,HUMAN AND CONFUSION
image_0125.jpg,FIRST AND SECOND,HUMAN AND FIRST AND SECOND
image_0126.jpg,FIRST AND SECOND,HUMAN AND FIRST AND SECOND
image_0127.jpg,CONFUSION NOT IN FIRST,HUMAN AND CONFUSION
image_0128.jpg,CONFUSION NOT IN FIRST,HUMAN AND CONFUSION
image_0129.jpg,CONFUSION IN FIRST,CONFUSION NOT IN FIRST
image_0130.jpg,FIRST IDENTIFY,FIRST NOT FOUND
image_0131.jpg,CONFUSION NOT IN FIRST,HUMAN AND CONFUSION
image_0132.jpg,CONFUSION NOT IN FIRST,HUMAN AND CONFUSION
image_0133.jpg,CONFUSION NOT IN FIRST,HUMAN AND CONFUSION
image_0134.jpg,CONFUSION NOT IN FIRST,HUMAN AND CONFUSION
image_0135.jpg,FIRST AND SECOND,HUMAN AND FIRST AND SECOND
image_0136.jpg,FIRST AND SECOND,HUMAN AND FIRST AND SECOND
image_0137.jpg,FIRST IDENTIFY,FIRST NOT FOUND
image_0138.jpg,CONFUSION NOT IN FIRST,HUMAN AND CONFUSION
image_0139.jpg,CONFUSION NOT IN FIRST,HUMAN AND CONFUSION
image_0140.jpg,CONFUSION NOT IN FIRST,HUMAN AND CONFUSION
image_0141.jpg,CONFUSION NOT IN FIRST,HUMAN AND CONFUSION
image_0142.jpg,CONFUSION NOT IN FIRST,HUMAN AND CONFUSION
image_0143.jpg,CONFUSION NOT IN FIRST,HUMAN AND CONFUSION
image_0144.jpg,CONFUSION NOT IN FIRST,HUMAN AND CONFUSION
image_0145.jpg,CONFUSION NOT IN FIRST,HUMAN AND CONFUSION
image_0146.jpg,CONFUSION NOT IN FIRST,HUMAN AND CONFUSION
image_0147.jpg,CONFUSION NOT IN FIRST,HUMAN AND CONFUSION
image_0148.jpg,CONFUSION NOT IN FIRST,HUMAN AND CONFUSION
image_0149.jpg,CONFUSION NOT IN FIRST,HUMAN AND CONFUSION
image_0150.jpg,CONFUSION NOT IN FIRST,HUMAN AND CONFUSION
image_0151.jpg,CONFUSION NOT IN FIRST,HUMAN AND CONFUSION
image_0152.jpg,CONFUSION NOT IN FIRST,CONFUSION IN FIRST
image_0153.jpg,CONFUSION NOT IN FIRST,HUMAN AND CONFUSION
image_0154.jpg,CONFUSION NOT IN FIRST,HUMAN AND CONFUSION
image_0155.jpg,CONFUSION NOT IN FIRST,HUMAN AND CONFUSION
image_0156.jpg,FIRST NOT FOUND,FIRST IDENTIFY
image_0157.jpg,FIRST AND SECOND,HUMAN AND FIRST AND SECOND
image_0158.jpg,CONFUSION NOT IN FIRST,HUMAN AND CONFUSION
image_0159.jpg,CONFUSION NOT IN FIRST,HUMAN AND CONFUSION
image_0160.jpg,CONFUSION NOT IN FIRST,HUMAN AND CONFUSION
image_0161.jpg,CONFUSION NOT IN FIRST,HUMAN AND CONFUSION
image_0162.jpg,FIRST IDENTIFY,FIRST NOT FOUND
image_0163.jpg,FIRST IDENTIFY,FIRST NOT FOUND
image_0164.jpg,FIRST IDENTIFY,FIRST NOT FOUND
image_0165.jpg,FIRST IDENTIFY,FIRST NOT FOUND
image_0166.jpg,FIRST IDENTIFY,FIRST NOT FOUND
image_0167.jpg,FIRST IDENTIFY,FIRST NOT FOUND
image_0168.jpg,FIRST IDENTIFY,FIRST NOT FOUND
image_0169.jpg,FIRST IDENTIFY,FIRST NOT FOUND
image_0170.jpg,CONFUSION NOT IN FIRST,HUMAN AND CONFUSION
image_0171.jpg,CONFUSION NOT IN FIRST,HUMAN AND CONFUSION
image_0172.jpg,FIRST IDENTIFY,FIRST NOT FOUND
image_0173.jpg,FIRST IDENTIFY,FIRST NOT FOUND
image_0174.jpg,FIRST IDENTIFY,FIRST NOT FOUND
image_0175.jpg,FIRST IDENTIFY,FIRST NOT FOUND
image_0176.jpg,FIRST IDENTIFY,FIRST NOT FOUND
image_0177.jpg,FIRST IDENTIFY,FIRST NOT FOUND
image_0178.jpg,FIRST IDENTIFY,FIRST NOT FOUND
image_0179.jpg,CONFUSION NOT IN FIRST,HUMAN AND CONFUSION
image_0180.jpg,FIRST AND SECOND,HUMAN AND FIRST AND SECOND
image_0181.jpg,FIRST IDENTIFY,FIRST NOT FOUND
image_0182.jpg,CONFUSION NOT IN FIRST,HUMAN AND CONFUSION
image_0183.jpg,FIRST IDENTIFY,FIRST NOT FOUND
image_0184.jpg,CONFUSION NOT IN FIRST,HUMAN AND CONFUSION
image_0185.jpg,CONFUSION NOT IN FIRST,HUMAN AND CONFUSION
image_0186.jpg,FIRST IDENTIFY,FIRST NOT FOUND
image_0187.jpg,CONFUSION NOT IN FIRST,HUMAN AND CONFUSION
image_0188.jpg,FIRST IDENTIFY,FIRST NOT FOUND
image_0189.jpg,FIRST IDENTIFY,FIRST NOT FOUND
image_0190.jpg,FIRST IDENTIFY,FIRST NOT FOUND
image_0191.jpg,FIRST IDENTIFY,FIRST NOT FOUND
image_0192.jpg,FIRST IDENTIFY,FIRST NOT FOUND
image_0193.jpg,CONFUSION NOT IN FIRST,HUMAN AND CONFUSION
image_0194.jpg,CONFUSION NOT IN FIRST,HUMAN AND CONFUSION
image_0195.jpg,FIRST IDENTIFY,FIRST NOT FOUND
image_0196.jpg,FIRST IDENTIFY,FIRST NOT FOUND
image_0197.jpg,FIRST IDENTIFY,FIRST NOT FOUND
image_0198.jpg,FIRST IDENTIFY,FIRST NOT FOUND
image_0199.jpg,FIRST IDENTIFY,FIRST NOT FOUND
image_0200.jpg,FIRST IDENTIFY,FIRST NOT FOUND
image_0201.jpg,FIRST IDENTIFY,FIRST NOT FOUND
image_0202.jpg,FIRST IDENTIFY,FIRST NOT FOUND
image_0203.jpg,FIRST IDENTIFY,FIRST NOT FOUND
image_0204.jpg,FIRST IDENTIFY,FIRST NOT FOUND
image_0205.jpg,FIRST IDENTIFY,FIRST NOT FOUND
image_0206.jpg,FIRST IDENTIFY,FIRST NOT FOUND
image_0207.jpg,FIRST IDENTIFY,FIRST NOT FOUND
image_0208.jpg,FIRST IDENTIFY,FIRST NOT FOUND
image_0209.jpg,FIRST IDENTIFY,FIRST NOT FOUND
image_0210.jpg,FIRST AND SECOND,HUMAN AND FIRST AND SECOND
image_0211.jpg,FIRST IDENTIFY,FIRST NOT FOUND
image_0212.jpg,FIRST IDENTIFY,FIRST NOT FOUND
image_0213.jpg,FIRST IDENTIFY,FIRST NOT FOUND
image_0214.jpg,FIRST IDENTIFY,FIRST NOT FOUND
image_0215.jpg,FIRST IDENTIFY,FIRST NOT FOUND
image_0216.jpg,FIRST IDENTIFY,FIRST NOT FOUND
image_0217.jpg,FIRST IDENTIFY,FIRST NOT FOUND
image_0218.jpg,FIRST IDENTIFY,FIRST NOT FOUND
image_0219.jpg,FIRST IDENTIFY,FIRST NOT FOUND
image_0220.jpg,FIRST IDENTIFY,FIRST NOT FOUND
image_0221.jpg,FIRST IDENTIFY,FIRST NOT FOUND
image_0222.jpg,FIRST IDENTIFY,FIRST NOT FOUND
image_0223.jpg,FIRST IDENTIFY,FIRST NOT FOUND
image_0224.jpg,FIRST IDENTIFY,FIRST NOT FOUND
image_0225.jpg,FIRST IDENTIFY,FIRST NOT FOUND
image_0226.jpg,FIRST IDENTIFY,FIRST NOT FOUND
image_0227.jpg,FIRST IDENTIFY,FIRST NOT FOUND
image_0228.jpg,FIRST IDENTIFY,FIRST NOT FOUND
image_0229.jpg,FIRST IDENTIFY,FIRST NOT FOUND
image_0230.jpg,FIRST IDENTIFY,FIRST NOT FOUND
image_0231.jpg,FIRST IDENTIFY,FIRST NOT FOUND
image_0232.jpg,FIRST IDENTIFY,FIRST NOT FOUND
image_0233.jpg,FIRST IDENTIFY,FIRST NOT FOUND
image_0234.jpg,FIRST IDENTIFY,FIRST NOT FOUND
image_0235.jpg,FIRST AND SECOND,HUMAN AND FIRST AND SECOND
image_0236.jpg,FIRST IDENTIFY,FIRST NOT FOUND
image_0237.jpg,FIRST IDENTIFY,FIRST NOT FOUND
image_0238.jpg,FIRST IDENTIFY,FIRST NOT FOUND
image_0239.jpg,FIRST IDENTIFY,FIRST NOT FOUND
image_0240.jpg,FIRST IDENTIFY,FIRST NOT FOUND
image_0241.jpg,FIRST IDENTIFY,FIRST NOT FOUND
image_0242.jpg,FIRST IDENTIFY,FIRST NOT FOUND
image_0243.jpg,FIRST IDENTIFY,FIRST NOT FOUND
image_0244.jpg,FIRST AND SECOND,HUMAN AND FIRST AND SECOND
image_0245.jpg,FIRST IDENTIFY,FIRST NOT FOUND
image_0246.jpg,FIRST AND SECOND,HUMAN AND FIRST AND SECOND
image_0247.jpg,CONFUSION NOT IN FIRST,HUMAN AND CONFUSION
image_0248.jpg,FIRST AND SECOND,HUMAN AND FIRST AND SECOND
image_0249.jpg,CONFUSION NOT IN FIRST,HUMAN AND CONFUSION
image_0250.jpg,FIRST AND SECOND,HUMAN AND FIRST AND SECOND
image_0251.jpg,CONFUSION NOT IN FIRST,HUMAN AND CONFUSION
image_0252.jpg,CONFUSION NOT IN FIRST,HUMAN AND CONFUSION
image_0253.jpg,CONFUSION NOT IN FIRST,HUMAN AND CONFUSION
image_0254.jpg,CONFUSION NOT IN FIRST,HUMAN AND CONFUSION
image_0255.jpg,FIRST AND SECOND,HUMAN AND FIRST AND SECOND
image_0256.jpg,CONFUSION IN FIRST,HUMAN AND NOT CONFUSION
image_0257.jpg,CONFUSION NOT IN FIRST,HUMAN AND CONFUSION
image_0258.jpg,FIRST AND SECOND,HUMAN AND FIRST AND SECOND
image_0259.jpg,CONFUSION NOT IN FIRST,HUMAN AND CONFUSION
image_0260.jpg,CONFUSION NOT IN FIRST,HUMAN AND CONFUSION
image_0261.jpg,FIRST AND SECOND,HUMAN AND FIRST AND SECOND
image_0262.jpg,CONFUSION NOT IN FIRST,HUMAN AND CONFUSION
image_0263.jpg,FIRST AND SECOND,HUMAN AND FIRST AND SECOND
image_0264.jpg,CONFUSION IN FIRST,HUMAN AND NOT CONFUSION
image_0265.jpg,CONFUSION IN FIRST,CONFUSION NOT IN FIRST
image_0266.jpg,FIRST IDENTIFY,FIRST NOT FOUND
image_0267.jpg,CONFUSION NOT IN FIRST,HUMAN AND CONFUSION
image_0268.jpg,FIRST NOT FOUND,FIRST IDENTIFY
image_0269.jpg,CONFUSION NOT IN FIRST,HUMAN AND CONFUSION
image_0270.jpg,CONFUSION NOT IN FIRST,HUMAN AND CONFUSION
image_0271.jpg,CONFUSION NOT IN FIRST,HUMAN AND CONFUSION
image_0272.jpg,FIRST AND SECOND,HUMAN AND FIRST AND SECOND
image_0273.jpg,CONFUSION NOT IN FIRST,HUMAN AND CONFUSION
image_0274.jpg,CONFUSION NOT IN FIRST,HUMAN AND CONFUSION
image_0275.jpg,CONFUSION NOT IN FIRST,HUMAN AND CONFUSION
image_0276.jpg,FIRST IDENTIFY,FIRST NOT FOUND
image_0277.jpg,FIRST NOT FOUND,FIRST IDENTIFY
image_0278.jpg,FIRST AND SECOND,HUMAN AND FIRST AND SECOND
image_0279.jpg,FIRST AND SECOND,HUMAN AND FIRST AND SECOND
image_0280.jpg,CONFUSION NOT IN FIRST,HUMAN AND CONFUSION
image_0281.jpg,CONFUSION NOT IN FIRST,HUMAN AND CONFUSION
image_0282.jpg,CONFUSION NOT IN FIRST,HUMAN AND CONFUSION
image_0283.jpg,CONFUSION NOT IN FIRST,HUMAN AND CONFUSION
image_0284.jpg,CONFUSION NOT IN FIRST,HUMAN AND CONFUSION
image_0285.jpg,FIRST IDENTIFY,FIRST NOT FOUND
image_0286.jpg,FIRST IDENTIFY,FIRST NOT FOUND
image_0287.jpg,FIRST IDENTIFY,FIRST NOT FOUND
image_0288.jpg,CONFUSION NOT IN FIRST,HUMAN AND CONFUSION
image_0289.jpg,FIRST IDENTIFY,FIRST NOT FOUND
image_0290.jpg,CONFUSION NOT IN FIRST,HUMAN AND CONFUSION
image_0291.jpg,FIRST IDENTIFY,FIRST NOT FOUND
image_0292.jpg,FIRST IDENTIFY,FIRST NOT FOUND
image_0293.jpg,FIRST IDENTIFY,FIRST NOT FOUND
image_0294.jpg,CONFUSION NOT IN FIRST,HUMAN AND CONFUSION
image_0295.jpg,FIRST IDENTIFY,FIRST NOT FOUND
image_0296.jpg,FIRST IDENTIFY,FIRST NOT FOUND
image_0297.jpg,CONFUSION NOT IN FIRST,HUMAN AND CONFUSION
image_0298.jpg,CONFUSION NOT IN FIRST,HUMAN AND CONFUSION
image_0299.jpg,FIRST IDENTIFY,FIRST NOT FOUND
image_0300.jpg,CONFUSION NOT IN FIRST,HUMAN AND CONFUSION
image_0301.jpg,CONFUSION NOT IN FIRST,HUMAN AND CONFUSION
image_0302.jpg,CONFUSION NOT IN FIRST,HUMAN AND CONFUSION
image_0303.jpg,CONFUSION NOT IN FIRST,HUMAN AND CONFUSION
image_0304.jpg,FIRST IDENTIFY,FIRST NOT FOUND
image_0305.jpg,CONFUSION NOT IN FIRST,HUMAN AND CONFUSION
image_0306.jpg,FIRST IDENTIFY,FIRST NOT FOUND
image_0307.jpg,CONFUSION NOT IN FIRST,HUMAN AND CONFUSION
image_0308.jpg,FIRST IDENTIFY,FIRST NOT FOUND
image_0309.jpg,CONFUSION NOT IN FIRST,HUMAN AND CONFUSION
image_0310.jpg,FIRST IDENTIFY,FIRST NOT FOUND
image_0311.jpg,CONFUSION NOT IN FIRST,HUMAN AND CONFUSION
image_0312.jpg,CONFUSION NOT IN FIRST,HUMAN AND CONFUSION
image_0313.jpg,FIRST AND SECOND,HUMAN AND FIRST AND SECOND
image_0314.jpg,FIRST IDENTIFY,FIRST NOT FOUND
image_0315.jpg,FIRST IDENTIFY,FIRST NOT FOUND
image_0316.jpg,FIRST AND SECOND,HUMAN AND FIRST AND SECOND
image_0317.jpg,FIRST NOT FOUND,FIRST IDENTIFY
image_0318.jpg,FIRST AND SECOND,HUMAN AND FIRST AND SECOND
image_0319.jpg,CONFUSION NOT IN FIRST,HUMAN AND CONFUSION
image_0320.jpg,FIRST IDENTIFY,FIRST NOT FOUND
image_0321.jpg,FIRST IDENTIFY,FIRST NOT FOUND
image_0322.jpg,FIRST IDENTIFY,FIRST NOT FOUND
image_0323.jpg,FIRST IDENTIFY,FIRST NOT FOUND
image_0324.jpg,FIRST AND SECOND,HUMAN AND FIRST AND SECOND
image_0325.jpg,FIRST NOT FOUND,FIRST IDENTIFY
image_0326.jpg,FIRST AND SECOND,HUMAN AND FIRST AND SECOND
image_0327.jpg,FIRST IDENTIFY,FIRST NOT FOUND
image_0328.jpg,FIRST AND SECOND,HUMAN AND FIRST AND SECOND
image_0329.jpg,CONFUSION NOT IN FIRST,HUMAN AND CONFUSION
image_0330.jpg,FIRST AND SECOND,HUMAN AND FIRST AND SECOND
image_0331.jpg,FIRST AND SECOND,HUMAN AND FIRST AND SECOND
image_0332.jpg,FIRST AND SECOND,HUMAN AND FIRST AND SECOND
image_0333.jpg,CONFUSION NOT IN FIRST,HUMAN AND CONFUSION
image_0334.jpg,FIRST IDENTIFY,FIRST NOT FOUND
image_0335.jpg,FIRST AND SECOND,HUMAN IDENTIFY
image_0336.jpg,FIRST AND SECOND,HUMAN AND FIRST AND SECOND
image_0337.jpg,FIRST IDENTIFY,HUMAN AND NOT CONFUSION
image_0338.jpg,CONFUSION IN FIRST,CONFUSION NOT IN FIRST
image_0339.jpg,CONFUSION NOT IN FIRST,HUMAN AND CONFUSION
image_0340.jpg,CONFUSION NOT IN FIRST,HUMAN AND CONFUSION
image_0341.jpg,FIRST NOT FOUND,FIRST IDENTIFY
image_0342.jpg,FIRST AND SECOND,HUMAN AND CONFUSION
image_0343.jpg,CONFUSION NOT IN FIRST,CONFUSION IN FIRST
image_0344.jpg,CONFUSION NOT IN FIRST,CONFUSION IN FIRST
image_0345.jpg,FIRST AND SECOND,HUMAN AND CONFUSION
image_0346.jpg,CONFUSION NOT IN FIRST,HUMAN AND CONFUSION
image_0347.jpg,FIRST AND SECOND,HUMAN AND FIRST AND SECOND
image_0348.jpg,FIRST AND SECOND,HUMAN AND CONFUSION
image_0349.jpg,FIRST AND SECOND,HUMAN AND FIRST AND SECOND
image_0350.jpg,FIRST AND SECOND,HUMAN AND CONFUSION
image_0351.jpg,FIRST AND SECOND,HUMAN AND CONFUSION
image_0352.jpg,CONFUSION NOT IN FIRST,CONFUSION IN FIRST
image_0353.jpg,FIRST AND SECOND,HUMAN AND FIRST AND SECOND
image_0354.jpg,CONFUSION NOT IN FIRST,HUMAN AND CONFUSION
image_0355.jpg,FIRST AND SECOND,HUMAN AND FIRST AND SECOND
image_0356.jpg,CONFUSION NOT IN FIRST,HUMAN AND CONFUSION
image_0357.jpg,CONFUSION NOT IN FIRST,HUMAN AND CONFUSION
image_0358.jpg,FIRST AND SECOND,HUMAN AND FIRST AND SECOND
image_0359.jpg,FIRST AND SECOND,HUMAN AND FIRST AND SECOND
image_0360.jpg,FIRST AND SECOND,HUMAN AND CONFUSION
image_0361.jpg,CONFUSION NOT IN FIRST,HUMAN AND CONFUSION
image_0362.jpg,CONFUSION NOT IN FIRST,HUMAN AND CONFUSION
image_0363.jpg,CONFUSION NOT IN FIRST,HUMAN AND CONFUSION
image_0364.jpg,FIRST AND SECOND,HUMAN AND CONFUSION
image_0365.jpg,FIRST AND SECOND,HUMAN AND FIRST AND SECOND
image_0366.jpg,CONFUSION NOT IN FIRST,HUMAN AND FIRST AND SECOND
image_0367.jpg,CONFUSION NOT IN FIRST,HUMAN AND CONFUSION
image_0368.jpg,FIRST AND SECOND,HUMAN AND FIRST AND SECOND
image_0369.jpg,CONFUSION NOT IN FIRST,HUMAN AND CONFUSION
image_0370.jpg,FIRST AND SECOND,HUMAN AND FIRST AND SECOND
image_0371.jpg,FIRST AND SECOND,HUMAN AND FIRST AND SECOND
image_0372.jpg,FIRST AND SECOND,HUMAN AND FIRST AND SECOND
image_0373.jpg,FIRST AND SECOND,HUMAN AND FIRST AND SECOND
image_0374.jpg,FIRST AND SECOND,HUMAN AND CONFUSION
image_0375.jpg,FIRST AND SECOND,HUMAN AND FIRST AND SECOND
image_0376.jpg,CONFUSION NOT IN FIRST,HUMAN AND FIRST AND SECOND
image_0377.jpg,CONFUSION NOT IN FIRST,HUMAN AND CONFUSION
image_0378.jpg,CONFUSION NOT IN FIRST,HUMAN AND CONFUSION
image_0379.jpg,CONFUSION IN FIRST,HUMAN AND NOT CONFUSION
image_0380.jpg,FIRST NOT FOUND,FIRST IDENTIFY
image_0381.jpg,FIRST IDENTIFY,HUMAN AND CONFUSION
image_0382.jpg,FIRST AND SECOND,HUMAN AND CONFUSION
image_0383.jpg,FIRST AND SECOND,HUMAN AND FIRST AND SECOND
image_0384.jpg,FIRST AND SECOND,HUMAN AND FIRST AND SECOND
image_0385.jpg,CONFUSION NOT IN FIRST,HUMAN AND CONFUSION
image_0386.jpg,CONFUSION IN FIRST,HUMAN AND NOT CONFUSION
image_0387.jpg,FIRST NOT FOUND,FIRST IDENTIFY
image_0388.jpg,CONFUSION NOT IN FIRST,HUMAN AND CONFUSION
image_0389.jpg,FIRST AND SECOND,HUMAN AND CONFUSION
image_0390.jpg,FIRST AND SECOND,HUMAN AND FIRST AND SECOND
image_0391.jpg,FIRST AND SECOND,HUMAN AND FIRST AND SECOND
image_0392.jpg,FIRST IDENTIFY,FIRST NOT FOUND
image_0393.jpg,FIRST IDENTIFY,FIRST NOT FOUND
image_0394.jpg,FIRST AND SECOND,HUMAN AND CONFUSION
image_0395.jpg,FIRST AND SECOND,HUMAN AND CONFUSION
image_0396.jpg,FIRST IDENTIFY,HUMAN AND CONFUSION
image_0397.jpg,FIRST AND SECOND,HUMAN AND CONFUSION
image_0398.jpg,CONFUSION IN FIRST,HUMAN AND CONFUSION
image_0399.jpg,FIRST AND SECOND,HUMAN AND FIRST AND SECOND
image_0400.jpg,CONFUSION NOT IN FIRST,HUMAN AND CONFUSION
image_0401.jpg,CONFUSION NOT IN FIRST,HUMAN AND FIRST AND SECOND
image_0402.jpg,FIRST AND SECOND,HUMAN AND FIRST AND SECOND
image_0403.jpg,CONFUSION NOT IN FIRST,HUMAN AND CONFUSION
image_0404.jpg,CONFUSION NOT IN FIRST,HUMAN AND CONFUSION
image_0405.jpg,FIRST IDENTIFY,FIRST NOT FOUND
image_0406.jpg,FIRST AND SECOND,HUMAN AND FIRST AND SECOND
image_0407.jpg,CONFUSION IN FIRST,CONFUSION NOT IN FIRST
image_0408.jpg,FIRST AND SECOND,HUMAN AND FIRST AND SECOND
image_0409.jpg,CONFUSION IN FIRST,HUMAN AND FIRST AND SECOND
image_0410.jpg,FIRST AND SECOND,HUMAN AND FIRST AND SECOND
image_0411.jpg,FIRST AND SECOND,HUMAN AND FIRST AND SECOND
image_0412.jpg,FIRST IDENTIFY,HUMAN AND CONFUSION
image_0413.jpg,FIRST IDENTIFY,FIRST NOT FOUND
image_0414.jpg,FIRST IDENTIFY,HUMAN AND CONFUSION
image_0415.jpg,FIRST IDENTIFY,HUMAN AND NOT CONFUSION
image_0416.jpg,FIRST AND SECOND,HUMAN AND CONFUSION
image_0417.jpg,FIRST AND SECOND,HUMAN AND FIRST AND SECOND
image_0418.jpg,FIRST IDENTIFY,HUMAN AND CONFUSION
image_0419.jpg,FIRST AND SECOND,HUMAN AND CONFUSION
image_0420.jpg,CONFUSION NOT IN FIRST,HUMAN AND CONFUSION
image_0421.jpg,FIRST AND SECOND,HUMAN AND FIRST AND SECOND
image_0422.jpg,FIRST AND SECOND,HUMAN AND FIRST AND SECOND
image_0423.jpg,CONFUSION NOT IN FIRST,HUMAN AND CONFUSION
image_0424.jpg,FIRST AND SECOND,HUMAN AND CONFUSION
image_0425.jpg,FIRST AND SECOND,HUMAN AND FIRST AND SECOND
image_0426.jpg,FIRST AND SECOND,HUMAN AND FIRST AND SECOND
image_0427.jpg,FIRST AND SECOND,HUMAN AND CONFUSION
image_0428.jpg,CONFUSION NOT IN FIRST,CONFUSION IN FIRST
image_0429.jpg,FIRST IDENTIFY,FIRST NOT FOUND
image_0430.jpg,CONFUSION NOT IN FIRST,HUMAN AND CONFUSION
image_0431.jpg,FIRST AND SECOND,HUMAN AND CONFUSION
image_0432.jpg,CONFUSION NOT IN FIRST,HUMAN AND CONFUSION
image_0433.jpg,FIRST IDENTIFY,FIRST NOT FOUND
image_0434.jpg,FIRST IDENTIFY,FIRST NOT FOUND
image_0435.jpg,FIRST IDENTIFY,FIRST NOT FOUND
image_0436.jpg,FIRST IDENTIFY,FIRST NOT FOUND
image_0437.jpg,CONFUSION NOT IN FIRST,HUMAN AND CONFUSION
image_0438.jpg,FIRST IDENTIFY,HUMAN AND CONFUSION
image_0439.jpg,FIRST IDENTIFY,HUMAN AND CONFUSION
image_0440.jpg,CONFUSION NOT IN FIRST,HUMAN AND CONFUSION
image_0441.jpg,CONFUSION IN FIRST,HUMAN AND NOT CONFUSION
image_0442.jpg,FIRST IDENTIFY,FIRST NOT FOUND
image_0443.jpg,FIRST IDENTIFY,FIRST NOT FOUND
image_0444.jpg,FIRST IDENTIFY,FIRST NOT FOUND
image_0445.jpg,CONFUSION IN FIRST,HUMAN AND NOT CONFUSION
image_0446.jpg,FIRST AND SECOND,HUMAN AND FIRST AND SECOND
image_0447.jpg,CONFUSION NOT IN FIRST,HUMAN AND CONFUSION
image_0448.jpg,FIRST AND SECOND,HUMAN AND FIRST AND SECOND
image_0449.jpg,FIRST AND SECOND,HUMAN AND FIRST AND SECOND
image_0450.jpg,CONFUSION NOT IN FIRST,HUMAN AND CONFUSION
image_0451.jpg,FIRST AND SECOND,HUMAN AND CONFUSION
image_0452.jpg,FIRST AND SECOND,HUMAN AND FIRST AND SECOND
image_0453.jpg,FIRST AND SECOND,HUMAN AND FIRST AND SECOND
image_0454.jpg,FIRST AND SECOND,HUMAN AND FIRST AND SECOND
image_0455.jpg,FIRST NOT FOUND,FIRST IDENTIFY
image_0456.jpg,CONFUSION IN FIRST,HUMAN AND NOT CONFUSION
image_0457.jpg,CONFUSION NOT IN FIRST,HUMAN AND CONFUSION
image_0458.jpg,FIRST AND SECOND,HUMAN AND FIRST AND SECOND
image_0459.jpg,FIRST AND SECOND,HUMAN AND FIRST AND SECOND
image_0460.jpg,FIRST AND SECOND,HUMAN AND FIRST AND SECOND
image_0461.jpg,FIRST AND SECOND,HUMAN AND CONFUSION
image_0462.jpg,FIRST AND SECOND,HUMAN AND FIRST AND SECOND
image_0463.jpg,CONFUSION NOT IN FIRST,HUMAN AND CONFUSION
image_0464.jpg,FIRST AND SECOND,HUMAN AND FIRST AND SECOND
image_0465.jpg,CONFUSION NOT IN FIRST,HUMAN AND CONFUSION
image_0466.jpg,FIRST AND SECOND,HUMAN AND CONFUSION
image_0467.jpg,FIRST NOT FOUND,FIRST IDENTIFY
image_0468.jpg,FIRST NOT FOUND,FIRST IDENTIFY
image_0469.jpg,CONFUSION NOT IN FIRST,HUMAN AND CONFUSION
image_0470.jpg,CONFUSION NOT IN FIRST,HUMAN AND CONFUSION
image_0471.jpg,CONFUSION NOT IN FIRST,HUMAN AND CONFUSION
image_0472.jpg,CONFUSION NOT IN FIRST,HUMAN AND CONFUSION
image_0473.jpg,CONFUSION NOT IN FIRST,HUMAN AND CONFUSION
image_0474.jpg,FIRST AND SECOND,HUMAN AND CONFUSION
image_0475.jpg,CONFUSION NOT IN FIRST,HUMAN AND CONFUSION
image_0476.jpg,FIRST NOT FOUND,FIRST IDENTIFY
image_0477.jpg,FIRST AND SECOND,HUMAN AND FIRST AND SECOND
image_0478.jpg,FIRST IDENTIFY,HUMAN AND CONFUSION
image_0479.jpg,CONFUSION NOT IN FIRST,HUMAN AND CONFUSION
image_0480.jpg,CONFUSION NOT IN FIRST,HUMAN AND CONFUSION
image_0481.jpg,CONFUSION NOT IN FIRST,HUMAN AND CONFUSION
image_0482.jpg,FIRST AND SECOND,HUMAN AND FIRST AND SECOND
image_0483.jpg,FIRST AND SECOND,HUMAN AND FIRST AND SECOND
image_0484.jpg,CONFUSION NOT IN FIRST,HUMAN AND CONFUSION
image_0485.jpg,FIRST AND SECOND,HUMAN AND FIRST AND SECOND
image_0486.jpg,CONFUSION NOT IN FIRST,HUMAN AND CONFUSION
image_0487.jpg,CONFUSION IN FIRST,HUMAN AND CONFUSION
image_0488.jpg,FIRST AND SECOND,HUMAN AND CONFUSION
image_0489.jpg,CONFUSION NOT IN FIRST,HUMAN AND CONFUSION
image_0490.jpg,FIRST AND SECOND,HUMAN AND FIRST AND SECOND
image_0491.jpg,FIRST NOT FOUND,FIRST IDENTIFY
image_0492.jpg,FIRST NOT FOUND,FIRST IDENTIFY
image_0493.jpg,CONFUSION NOT IN FIRST,HUMAN AND CONFUSION
image_0494.jpg,CONFUSION NOT IN FIRST,HUMAN AND CONFUSION
image_0495.jpg,CONFUSION NOT IN FIRST,HUMAN AND CONFUSION
image_0496.jpg,CONFUSION NOT IN FIRST,HUMAN AND CONFUSION
image_0497.jpg,CONFUSION IN FIRST,HUMAN AND CONFUSION
image_0498.jpg,CONFUSION IN FIRST,HUMAN AND CONFUSION
image_0499.jpg,FIRST AND SECOND,HUMAN AND FIRST AND SECOND
image_0500.jpg,CONFUSION IN FIRST,HUMAN AND NOT CONFUSION
image_0501.jpg,CONFUSION NOT IN FIRST,HUMAN AND CONFUSION
image_0502.jpg,FIRST IDENTIFY,HUMAN AND CONFUSION
image_0503.jpg,CONFUSION NOT IN FIRST,HUMAN AND CONFUSION
image_0504.jpg,CONFUSION NOT IN FIRST,HUMAN AND CONFUSION
image_0505.jpg,CONFUSION NOT IN FIRST,HUMAN AND CONFUSION
image_0506.jpg,CONFUSION IN FIRST,HUMAN AND CONFUSION
image_0507.jpg,FIRST AND SECOND,HUMAN AND FIRST AND SECOND
image_0508.jpg,CONFUSION NOT IN FIRST,HUMAN AND CONFUSION
image_0509.jpg,CONFUSION NOT IN FIRST,HUMAN AND CONFUSION
image_0510.jpg,FIRST AND SECOND,HUMAN AND CONFUSION
image_0511.jpg,CONFUSION IN FIRST,HUMAN AND CONFUSION
image_0512.jpg,CONFUSION NOT IN FIRST,HUMAN AND CONFUSION
image_0513.jpg,CONFUSION NOT IN FIRST,HUMAN AND CONFUSION
image_0514.jpg,CONFUSION NOT IN FIRST,HUMAN AND CONFUSION
image_0515.jpg,CONFUSION IN FIRST,HUMAN AND NOT CONFUSION
image_0516.jpg,CONFUSION NOT IN FIRST,HUMAN AND CONFUSION
image_0517.jpg,FIRST AND SECOND,HUMAN AND NOT CONFUSION
image_0518.jpg,CONFUSION NOT IN FIRST,HUMAN AND CONFUSION
image_0519.jpg,FIRST AND SECOND,HUMAN AND CONFUSION
image_0520.jpg,FIRST AND SECOND,HUMAN AND CONFUSION
image_0521.jpg,CONFUSION NOT IN FIRST,HUMAN AND CONFUSION
image_0522.jpg,CONFUSION NOT IN FIRST,HUMAN AND CONFUSION
image_0523.jpg,CONFUSION NOT IN FIRST,HUMAN AND CONFUSION
image_0524.jpg,FIRST AND SECOND,HUMAN AND FIRST AND SECOND
image_0525.jpg,CONFUSION NOT IN FIRST,HUMAN AND CONFUSION
image_0526.jpg,FIRST AND SECOND,HUMAN AND FIRST AND SECOND
image_0527.jpg,CONFUSION NOT IN FIRST,HUMAN AND CONFUSION
image_0528.jpg,CONFUSION NOT IN FIRST,HUMAN AND CONFUSION
image_0529.jpg,CONFUSION IN FIRST,CONFUSION NOT IN FIRST
image_0530.jpg,CONFUSION NOT IN FIRST,HUMAN AND CONFUSION
image_0531.jpg,CONFUSION NOT IN FIRST,HUMAN AND CONFUSION
image_0532.jpg,CONFUSION NOT IN FIRST,HUMAN AND CONFUSION
image_0533.jpg,FIRST AND SECOND,HUMAN AND FIRST AND SECOND
image_0534.jpg,CONFUSION NOT IN FIRST,HUMAN AND CONFUSION
image_0535.jpg,CONFUSION NOT IN FIRST,HUMAN AND CONFUSION
image_0536.jpg,CONFUSION NOT IN FIRST,HUMAN AND CONFUSION
image_0537.jpg,FIRST AND SECOND,HUMAN AND FIRST AND SECOND
image_0538.jpg,CONFUSION NOT IN FIRST,HUMAN AND CONFUSION
image_0539.jpg,CONFUSION NOT IN FIRST,HUMAN AND FIRST AND SECOND
image_0540.jpg,CONFUSION IN FIRST,HUMAN AND NOT CONFUSION
image_0541.jpg,CONFUSION IN FIRST,HUMAN AND NOT CONFUSION
image_0542.jpg,FIRST IDENTIFY,FIRST NOT FOUND
image_0543.jpg,CONFUSION NOT IN FIRST,HUMAN AND CONFUSION
image_0544.jpg,CONFUSION IN FIRST,CONFUSION NOT IN FIRST
image_0545.jpg,CONFUSION NOT IN FIRST,HUMAN AND CONFUSION
image_0546.jpg,CONFUSION NOT IN FIRST,HUMAN AND CONFUSION
image_0547.jpg,CONFUSION NOT IN FIRST,HUMAN AND CONFUSION
image_0548.jpg,CONFUSION NOT IN FIRST,HUMAN AND CONFUSION
image_0549.jpg,CONFUSION NOT IN FIRST,HUMAN AND CONFUSION
image_0550.jpg,FIRST AND SECOND,HUMAN AND FIRST AND SECOND
image_0551.jpg,CONFUSION NOT IN FIRST,HUMAN AND CONFUSION
image_0552.jpg,CONFUSION NOT IN FIRST,HUMAN AND FIRST AND SECOND
image_0553.jpg,CONFUSION NOT IN FIRST,HUMAN AND CONFUSION
image_0554.jpg,CONFUSION IN FIRST,HUMAN AND CONFUSION
image_0555.jpg,FIRST AND SECOND,HUMAN AND FIRST AND SECOND
image_0556.jpg,CONFUSION IN FIRST,CONFUSION NOT IN FIRST
image_0557.jpg,CONFUSION NOT IN FIRST,HUMAN AND CONFUSION
image_0558.jpg,FIRST AND SECOND,HUMAN AND FIRST AND SECOND
image_0559.jpg,CONFUSION NOT IN FIRST,HUMAN AND CONFUSION
image_0560.jpg,CONFUSION NOT IN FIRST,HUMAN AND CONFUSION
image_0561.jpg,FIRST AND SECOND,HUMAN AND FIRST AND SECOND
image_0562.jpg,FIRST AND SECOND,HUMAN AND FIRST AND SECOND
image_0563.jpg,FIRST AND SECOND,HUMAN AND CONFUSION
image_0564.jpg,CONFUSION NOT IN FIRST,HUMAN AND FIRST AND SECOND
image_0565.jpg,FIRST AND SECOND,HUMAN AND FIRST AND SECOND
image_0566.jpg,FIRST AND SECOND,HUMAN AND FIRST AND SECOND
image_0567.jpg,CONFUSION NOT IN FIRST,HUMAN AND CONFUSION
image_0568.jpg,CONFUSION NOT IN FIRST,HUMAN AND CONFUSION
image_0569.jpg,CONFUSION NOT IN FIRST,HUMAN AND CONFUSION
image_0570.jpg,FIRST AND SECOND,HUMAN AND FIRST AND SECOND
image_0571.jpg,FIRST AND SECOND,HUMAN AND FIRST AND SECOND
image_0572.jpg,FIRST IDENTIFY,FIRST NOT FOUND
image_0573.jpg,FIRST IDENTIFY,FIRST NOT FOUND
image_0574.jpg,FIRST AND SECOND,HUMAN AND FIRST AND SECOND
image_0575.jpg,CONFUSION NOT IN FIRST,HUMAN AND CONFUSION
image_0576.jpg,CONFUSION NOT IN FIRST,HUMAN AND CONFUSION
image_0577.jpg,CONFUSION NOT IN FIRST,HUMAN AND CONFUSION
image_0578.jpg,CONFUSION NOT IN FIRST,HUMAN AND CONFUSION
image_0579.jpg,CONFUSION NOT IN FIRST,HUMAN AND CONFUSION
image_0580.jpg,CONFUSION NOT IN FIRST,HUMAN AND CONFUSION
image_0581.jpg,CONFUSION NOT IN FIRST,HUMAN AND CONFUSION
image_0582.jpg,FIRST AND SECOND,HUMAN AND FIRST AND SECOND
image_0583.jpg,CONFUSION NOT IN FIRST,HUMAN AND CONFUSION
image_0584.jpg,CONFUSION NOT IN FIRST,HUMAN AND CONFUSION
image_0585.jpg,FIRST AND SECOND,HUMAN AND FIRST AND SECOND
image_0586.jpg,FIRST IDENTIFY,FIRST NOT FOUND
image_0587.jpg,FIRST AND SECOND,HUMAN AND FIRST AND SECOND
image_0588.jpg,FIRST AND SECOND,HUMAN AND FIRST AND SECOND
image_0589.jpg,CONFUSION NOT IN FIRST,HUMAN AND CONFUSION
image_0590.jpg,FIRST AND SECOND,HUMAN AND FIRST AND SECOND
image_0591.jpg,CONFUSION NOT IN FIRST,HUMAN AND CONFUSION
image_0592.jpg,FIRST AND SECOND,HUMAN AND FIRST AND SECOND
image_0593.jpg,CONFUSION NOT IN FIRST,HUMAN AND CONFUSION
image_0594.jpg,CONFUSION NOT IN FIRST,HUMAN AND CONFUSION
image_0595.jpg,CONFUSION IN FIRST,HUMAN AND NOT CONFUSION
image_0596.jpg,CONFUSION NOT IN FIRST,HUMAN AND CONFUSION
image_0597.jpg,CONFUSION NOT IN FIRST,HUMAN AND CONFUSION
image_0598.jpg,FIRST AND SECOND,HUMAN AND FIRST AND SECOND
image_0599.jpg,CONFUSION NOT IN FIRST,HUMAN AND CONFUSION
image_0600.jpg,CONFUSION NOT IN FIRST,HUMAN AND CONFUSION
image_0601.jpg,CONFUSION NOT IN FIRST,HUMAN AND CONFUSION
image_0602.jpg,CONFUSION IN FIRST,HUMAN AND NOT CONFUSION
image_0603.jpg,CONFUSION IN FIRST,HUMAN AND NOT CONFUSION
image_0604.jpg,CONFUSION NOT IN FIRST,HUMAN AND CONFUSION
image_0605.jpg,CONFUSION NOT IN FIRST,HUMAN AND CONFUSION
image_0606.jpg,CONFUSION NOT IN FIRST,HUMAN AND CONFUSION
image_0607.jpg,FIRST IDENTIFY,FIRST NOT FOUND
image_0608.jpg,FIRST IDENTIFY,FIRST NOT FOUND
image_0609.jpg,FIRST IDENTIFY,FIRST NOT FOUND
image_0610.jpg,CONFUSION NOT IN FIRST,HUMAN AND CONFUSION
image_0611.jpg,FIRST IDENTIFY,FIRST NOT FOUND
image_0612.jpg,FIRST IDENTIFY,FIRST NOT FOUND
image_0613.jpg,FIRST IDENTIFY,FIRST NOT FOUND
image_0614.jpg,FIRST IDENTIFY,FIRST NOT FOUND
image_0615.jpg,FIRST AND SECOND,HUMAN AND FIRST AND SECOND
image_0616.jpg,FIRST IDENTIFY,FIRST NOT FOUND
image_0617.jpg,FIRST IDENTIFY,FIRST NOT FOUND
image_0618.jpg,CONFUSION NOT IN FIRST,HUMAN AND CONFUSION
image_0619.jpg,FIRST AND SECOND,HUMAN AND FIRST AND SECOND
image_0620.jpg,CONFUSION NOT IN FIRST,HUMAN AND CONFUSION
image_0621.jpg,CONFUSION IN FIRST,HUMAN AND NOT CONFUSION
image_0622.jpg,CONFUSION NOT IN FIRST,HUMAN AND CONFUSION
image_0623.jpg,CONFUSION NOT IN FIRST,HUMAN AND CONFUSION
image_0624.jpg,FIRST IDENTIFY,FIRST NOT FOUND
image_0625.jpg,FIRST AND SECOND,HUMAN AND FIRST AND SECOND
image_0626.jpg,CONFUSION IN FIRST,HUMAN AND NOT CONFUSION
image_0627.jpg,CONFUSION NOT IN FIRST,HUMAN AND CONFUSION
image_0628.jpg,CONFUSION NOT IN FIRST,HUMAN AND CONFUSION
image_0629.jpg,FIRST AND SECOND,HUMAN AND FIRST AND SECOND
image_0630.jpg,CONFUSION NOT IN FIRST,HUMAN AND CONFUSION
image_0631.jpg,CONFUSION NOT IN FIRST,HUMAN AND CONFUSION
image_0632.jpg,CONFUSION NOT IN FIRST,HUMAN AND CONFUSION
image_0633.jpg,CONFUSION NOT IN FIRST,HUMAN AND CONFUSION
image_0634.jpg,CONFUSION NOT IN FIRST,HUMAN AND CONFUSION
image_0635.jpg,CONFUSION NOT IN FIRST,HUMAN AND CONFUSION
image_0636.jpg,FIRST AND SECOND,HUMAN AND FIRST AND SECOND
image_0637.jpg,CONFUSION IN FIRST,HUMAN AND NOT CONFUSION
image_0638.jpg,CONFUSION NOT IN FIRST,HUMAN AND CONFUSION
image_0639.jpg,CONFUSION IN FIRST,HUMAN AND NOT CONFUSION
image_0640.jpg,CONFUSION NOT IN FIRST,HUMAN AND CONFUSION
image_0641.jpg,FIRST IDENTIFY,FIRST NOT FOUND
image_0642.jpg,FIRST IDENTIFY,FIRST NOT FOUND
image_0643.jpg,FIRST IDENTIFY,FIRST NOT FOUND
image_0644.jpg,CONFUSION IN FIRST,HUMAN AND NOT CONFUSION
image_0645.jpg,CONFUSION NOT IN FIRST,HUMAN AND CONFUSION
image_0646.jpg,CONFUSION NOT IN FIRST,HUMAN AND CONFUSION
image_0647.jpg,FIRST IDENTIFY,FIRST NOT FOUND
image_0648.jpg,FIRST IDENTIFY,FIRST NOT FOUND
image_0649.jpg,FIRST IDENTIFY,FIRST NOT FOUND
image_0650.jpg,FIRST IDENTIFY,FIRST NOT FOUND
image_0651.jpg,FIRST IDENTIFY,FIRST NOT FOUND
image_0652.jpg,FIRST IDENTIFY,FIRST NOT FOUND
image_0653.jpg,FIRST IDENTIFY,FIRST NOT FOUND
image_0654.jpg,FIRST IDENTIFY,FIRST NOT FOUND
image_0655.jpg,FIRST IDENTIFY,FIRST NOT FOUND
image_0656.jpg,FIRST IDENTIFY,FIRST NOT FOUND
image_0657.jpg,FIRST IDENTIFY,FIRST NOT FOUND
image_0658.jpg,CONFUSION NOT IN FIRST,HUMAN AND CONFUSION
image_0659.jpg,FIRST AND SECOND,HUMAN AND FIRST AND SECOND
image_0660.jpg,FIRST IDENTIFY,FIRST NOT FOUND
image_0661.jpg,FIRST IDENTIFY,FIRST NOT FOUND
image_0662.jpg,FIRST IDENTIFY,FIRST NOT FOUND
image_0663.jpg,FIRST IDENTIFY,FIRST NOT FOUND
image_0664.jpg,FIRST AND SECOND,HUMAN AND FIRST AND SECOND
image_0665.jpg,FIRST AND SECOND,HUMAN AND FIRST AND SECOND
image_0666.jpg,FIRST IDENTIFY,FIRST NOT FOUND
image_0667.jpg,FIRST NOT FOUND,FIRST IDENTIFY
image_0668.jpg,FIRST IDENTIFY,FIRST NOT FOUND
image_0669.jpg,FIRST AND SECOND,HUMAN AND FIRST AND SECOND
image_0670.jpg,FIRST AND SECOND,HUMAN AND FIRST AND SECOND
image_0671.jpg,CONFUSION NOT IN FIRST,HUMAN AND CONFUSION
image_0672.jpg,FIRST AND SECOND,HUMAN AND FIRST AND SECOND
image_0673.jpg,FIRST AND SECOND,HUMAN AND FIRST AND SECOND
image_0674.jpg,FIRST AND SECOND,HUMAN AND FIRST AND SECOND
image_0675.jpg,CONFUSION NOT IN FIRST,HUMAN AND CONFUSION
image_0676.jpg,CONFUSION NOT IN FIRST,HUMAN AND CONFUSION
image_0677.jpg,CONFUSION NOT IN FIRST,HUMAN AND CONFUSION
image_0678.jpg,CONFUSION NOT IN FIRST,HUMAN AND CONFUSION
image_0679.jpg,CONFUSION NOT IN FIRST,HUMAN AND CONFUSION
image_0680.jpg,FIRST AND SECOND,HUMAN AND FIRST AND SECOND
image_0681.jpg,CONFUSION NOT IN FIRST,HUMAN AND CONFUSION
image_0682.jpg,CONFUSION NOT IN FIRST,HUMAN AND CONFUSION
image_0683.jpg,CONFUSION NOT IN FIRST,HUMAN AND CONFUSION
image_0684.jpg,CONFUSION NOT IN FIRST,HUMAN AND CONFUSION
image_0685.jpg,CONFUSION NOT IN FIRST,HUMAN AND CONFUSION
image_0686.jpg,CONFUSION NOT IN FIRST,HUMAN AND CONFUSION
image_0687.jpg,FIRST AND SECOND,HUMAN AND FIRST AND SECOND
image_0688.jpg,FIRST AND SECOND,HUMAN AND FIRST AND SECOND
image_0689.jpg,CONFUSION NOT IN FIRST,HUMAN AND CONFUSION
image_0690.jpg,CONFUSION NOT IN FIRST,HUMAN AND CONFUSION
image_0691.jpg,CONFUSION NOT IN FIRST,HUMAN AND CONFUSION
image_0692.jpg,FIRST AND SECOND,HUMAN AND FIRST AND SECOND
image_0693.jpg,FIRST AND SECOND,HUMAN AND FIRST AND SECOND
image_0694.jpg,CONFUSION NOT IN FIRST,HUMAN AND CONFUSION
image_0695.jpg,FIRST AND SECOND,HUMAN AND FIRST AND SECOND
image_0696.jpg,CONFUSION NOT IN FIRST,HUMAN AND CONFUSION
image_0697.jpg,FIRST AND SECOND,HUMAN AND FIRST AND SECOND
image_0698.jpg,CONFUSION NOT IN FIRST,HUMAN AND CONFUSION
image_0699.jpg,CONFUSION NOT IN FIRST,HUMAN AND CONFUSION
image_0700.jpg,FIRST AND SECOND,HUMAN AND FIRST AND SECOND
image_0701.jpg,CONFUSION NOT IN FIRST,HUMAN AND CONFUSION
image_0702.jpg,CONFUSION NOT IN FIRST,HUMAN AND CONFUSION
image_0703.jpg,FIRST NOT FOUND,FIRST IDENTIFY
image_0704.jpg,FIRST AND SECOND,HUMAN AND FIRST AND SECOND
image_0705.jpg,FIRST IDENTIFY,FIRST NOT FOUND
image_0706.jpg,FIRST NOT FOUND,FIRST IDENTIFY
image_0707.jpg,FIRST NOT FOUND,FIRST IDENTIFY
image_0708.jpg,FIRST AND SECOND,HUMAN AND FIRST AND SECOND
image_0709.jpg,CONFUSION NOT IN FIRST,HUMAN AND CONFUSION
image_0710.jpg,FIRST IDENTIFY,FIRST NOT FOUND
image_0711.jpg,CONFUSION NOT IN FIRST,HUMAN AND CONFUSION
image_0712.jpg,FIRST IDENTIFY,FIRST NOT FOUND
image_0713.jpg,CONFUSION IN FIRST,HUMAN AND NOT CONFUSION
image_0714.jpg,CONFUSION NOT IN FIRST,HUMAN AND CONFUSION
image_0715.jpg,CONFUSION NOT IN FIRST,HUMAN AND CONFUSION
image_0716.jpg,CONFUSION NOT IN FIRST,HUMAN AND CONFUSION
image_0717.jpg,CONFUSION NOT IN FIRST,HUMAN AND CONFUSION
image_0718.jpg,CONFUSION NOT IN FIRST,HUMAN AND CONFUSION
image_0719.jpg,FIRST IDENTIFY,FIRST NOT FOUND
image_0720.jpg,CONFUSION NOT IN FIRST,HUMAN AND CONFUSION
image_0721.jpg,FIRST AND SECOND,HUMAN AND FIRST AND SECOND
image_0722.jpg,FIRST AND SECOND,HUMAN AND FIRST AND SECOND
image_0723.jpg,FIRST AND SECOND,HUMAN AND FIRST AND SECOND
image_0724.jpg,CONFUSION NOT IN FIRST,HUMAN AND CONFUSION
image_0725.jpg,FIRST AND SECOND,HUMAN AND FIRST AND SECOND
image_0726.jpg,CONFUSION NOT IN FIRST,CONFUSION IN FIRST
image_0727.jpg,CONFUSION NOT IN FIRST,HUMAN AND CONFUSION
image_0728.jpg,FIRST NOT FOUND,FIRST IDENTIFY
image_0729.jpg,CONFUSION NOT IN FIRST,HUMAN AND CONFUSION
image_0730.jpg,CONFUSION NOT IN FIRST,HUMAN AND CONFUSION
image_0731.jpg,CONFUSION NOT IN FIRST,HUMAN AND CONFUSION
image_0732.jpg,CONFUSION NOT IN FIRST,HUMAN AND CONFUSION
image_0733.jpg,FIRST AND SECOND,HUMAN AND FIRST AND SECOND
image_0734.jpg,CONFUSION NOT IN FIRST,HUMAN AND CONFUSION
image_0735.jpg,FIRST NOT FOUND,FIRST IDENTIFY
image_0736.jpg,FIRST AND SECOND,HUMAN AND FIRST AND SECOND
image_0737.jpg,CONFUSION NOT IN FIRST,HUMAN AND CONFUSION
image_0738.jpg,CONFUSION NOT IN FIRST,HUMAN AND CONFUSION
image_0739.jpg,CONFUSION NOT IN FIRST,HUMAN AND CONFUSION
image_0740.jpg,CONFUSION NOT IN FIRST,HUMAN AND CONFUSION
image_0741.jpg,FIRST AND SECOND,HUMAN AND FIRST AND SECOND
image_0742.jpg,CONFUSION NOT IN FIRST,HUMAN AND CONFUSION
image_0743.jpg,CONFUSION NOT IN FIRST,HUMAN AND CONFUSION
image_0744.jpg,FIRST AND SECOND,HUMAN AND FIRST AND SECOND
image_0745.jpg,FIRST AND SECOND,HUMAN AND FIRST AND SECOND
image_0746.jpg,CONFUSION NOT IN FIRST,HUMAN AND CONFUSION
image_0747.jpg,FIRST AND SECOND,HUMAN AND FIRST AND SECOND
image_0748.jpg,CONFUSION NOT IN FIRST,HUMAN AND CONFUSION
image_0749.jpg,FIRST IDENTIFY,FIRST NOT FOUND
image_0750.jpg,CONFUSION NOT IN FIRST,HUMAN AND CONFUSION
image_0751.jpg,CONFUSION NOT IN FIRST,HUMAN AND CONFUSION
image_0752.jpg,CONFUSION NOT IN FIRST,HUMAN AND CONFUSION
image_0753.jpg,CONFUSION NOT IN FIRST,HUMAN AND CONFUSION
image_0754.jpg,CONFUSION NOT IN FIRST,HUMAN AND CONFUSION
image_0755.jpg,CONFUSION NOT IN FIRST,HUMAN AND CONFUSION
image_0756.jpg,CONFUSION NOT IN FIRST,HUMAN AND CONFUSION
image_0757.jpg,FIRST AND SECOND,HUMAN AND FIRST AND SECOND
image_0758.jpg,FIRST AND SECOND,HUMAN AND FIRST AND SECOND
image_0759.jpg,CONFUSION NOT IN FIRST,HUMAN AND CONFUSION
image_0760.jpg,FIRST AND SECOND,HUMAN AND FIRST AND SECOND
image_0761.jpg,CONFUSION IN FIRST,HUMAN AND NOT CONFUSION
image_0762.jpg,FIRST IDENTIFY,FIRST NOT FOUND
image_0763.jpg,FIRST AND SECOND,HUMAN AND FIRST AND SECOND
image_0764.jpg,FIRST AND SECOND,HUMAN AND FIRST AND SECOND
image_0765.jpg,CONFUSION NOT IN FIRST,HUMAN AND CONFUSION
image_0766.jpg,CONFUSION NOT IN FIRST,HUMAN AND CONFUSION
image_0767.jpg,FIRST AND SECOND,HUMAN AND FIRST AND SECOND
image_0768.jpg,FIRST AND SECOND,HUMAN AND FIRST AND SECOND
image_0769.jpg,FIRST AND SECOND,HUMAN AND FIRST AND SECOND
image_0770.jpg,FIRST IDENTIFY,FIRST NOT FOUND
image_0771.jpg,CONFUSION NOT IN FIRST,HUMAN AND CONFUSION
image_0772.jpg,CONFUSION NOT IN FIRST,HUMAN AND CONFUSION
image_0773.jpg,CONFUSION NOT IN FIRST,HUMAN AND CONFUSION
image_0774.jpg,FIRST IDENTIFY,FIRST NOT FOUND
image_0775.jpg,CONFUSION NOT IN FIRST,HUMAN AND CONFUSION
image_0776.jpg,FIRST AND SECOND,HUMAN AND FIRST AND SECOND
image_0777.jpg,FIRST AND SECOND,HUMAN AND FIRST AND SECOND
image_0778.jpg,FIRST AND SECOND,HUMAN AND FIRST AND SECOND
image_0779.jpg,FIRST AND SECOND,HUMAN AND FIRST AND SECOND
image_0780.jpg,FIRST AND SECOND,HUMAN AND FIRST AND SECOND
image_0781.jpg,FIRST AND SECOND,HUMAN AND FIRST AND SECOND
image_0782.jpg,FIRST AND SECOND,HUMAN AND FIRST AND SECOND
image_0783.jpg,FIRST AND SECOND,HUMAN AND FIRST AND SECOND
image_0784.jpg,CONFUSION NOT IN FIRST,HUMAN AND CONFUSION
image_0785.jpg,CONFUSION NOT IN FIRST,HUMAN AND CONFUSION
image_0786.jpg,FIRST NOT FOUND,FIRST IDENTIFY
image_0787.jpg,FIRST AND SECOND,HUMAN AND FIRST AND SECOND
image_0788.jpg,FIRST AND SECOND,HUMAN AND FIRST AND SECOND
image_0789.jpg,CONFUSION NOT IN FIRST,HUMAN AND CONFUSION
image_0790.jpg,FIRST IDENTIFY,FIRST NOT FOUND
image_0791.jpg,CONFUSION NOT IN FIRST,HUMAN AND CONFUSION
image_0792.jpg,CONFUSION NOT IN FIRST,HUMAN AND CONFUSION
image_0793.jpg,CONFUSION NOT IN FIRST,HUMAN AND CONFUSION
image_0794.jpg,FIRST AND SECOND,HUMAN AND FIRST AND SECOND
image_0795.jpg,CONFUSION NOT IN FIRST,HUMAN AND CONFUSION
image_0796.jpg,CONFUSION NOT IN FIRST,HUMAN AND CONFUSION
image_0797.jpg,CONFUSION NOT IN FIRST,HUMAN AND CONFUSION
image_0798.jpg,CONFUSION NOT IN FIRST,HUMAN AND CONFUSION
image_0799.jpg,FIRST AND SECOND,HUMAN AND FIRST AND SECOND
image_0800.jpg,FIRST AND SECOND,HUMAN AND FIRST AND SECOND
image_0801.jpg,CONFUSION NOT IN FIRST,HUMAN AND CONFUSION
image_0802.jpg,CONFUSION NOT IN FIRST,HUMAN AND CONFUSION
image_0803.jpg,CONFUSION NOT IN FIRST,HUMAN AND CONFUSION
image_0804.jpg,CONFUSION NOT IN FIRST,HUMAN AND CONFUSION
image_0805.jpg,FIRST AND SECOND,HUMAN AND FIRST AND SECOND
image_0806.jpg,CONFUSION NOT IN FIRST,HUMAN AND CONFUSION
image_0807.jpg,CONFUSION NOT IN FIRST,HUMAN AND CONFUSION
image_0808.jpg,FIRST AND SECOND,HUMAN AND FIRST AND SECOND
image_0809.jpg,FIRST AND SECOND,HUMAN AND FIRST AND SECOND
image_0810.jpg,FIRST AND SECOND,HUMAN AND FIRST AND SECOND
image_0811.jpg,CONFUSION IN FIRST,HUMAN AND NOT CONFUSION
image_0812.jpg,CONFUSION NOT IN FIRST,HUMAN AND CONFUSION
image_0813.jpg,CONFUSION NOT IN FIRST,HUMAN AND CONFUSION
image_0814.jpg,FIRST AND SECOND,HUMAN AND FIRST AND SECOND
image_0815.jpg,FIRST AND SECOND,HUMAN AND FIRST AND SECOND
image_0816.jpg,CONFUSION NOT IN FIRST,HUMAN AND CONFUSION
image_0817.jpg,CONFUSION NOT IN FIRST,HUMAN AND CONFUSION
image_0818.jpg,CONFUSION NOT IN FIRST,HUMAN AND CONFUSION
image_0819.jpg,FIRST IDENTIFY,FIRST NOT FOUND
image_0820.jpg,FIRST IDENTIFY,FIRST NOT FOUND
image_0821.jpg,FIRST IDENTIFY,FIRST NOT FOUND
image_0822.jpg,FIRST IDENTIFY,FIRST NOT FOUND
image_0823.jpg,FIRST IDENTIFY,FIRST NOT FOUND
image_0824.jpg,FIRST AND SECOND,HUMAN AND FIRST AND SECOND
image_0825.jpg,CONFUSION NOT IN FIRST,HUMAN AND CONFUSION
image_0826.jpg,FIRST AND SECOND,HUMAN AND FIRST AND SECOND
image_0827.jpg,CONFUSION NOT IN FIRST,HUMAN AND CONFUSION
image_0828.jpg,FIRST IDENTIFY,FIRST NOT FOUND
image_0829.jpg,CONFUSION NOT IN FIRST,HUMAN AND CONFUSION
image_0830.jpg,FIRST AND SECOND,HUMAN AND FIRST AND SECOND
image_0831.jpg,FIRST AND SECOND,HUMAN AND FIRST AND SECOND
image_0832.jpg,CONFUSION NOT IN FIRST,HUMAN AND CONFUSION
image_0833.jpg,FIRST AND SECOND,HUMAN AND FIRST AND SECOND
image_0834.jpg,CONFUSION NOT IN FIRST,HUMAN AND CONFUSION
image_0835.jpg,CONFUSION NOT IN FIRST,HUMAN AND CONFUSION
image_0836.jpg,CONFUSION NOT IN FIRST,HUMAN AND CONFUSION
image_0837.jpg,CONFUSION NOT IN FIRST,HUMAN AND CONFUSION
image_0838.jpg,FIRST AND SECOND,HUMAN AND FIRST AND SECOND
image_0839.jpg,FIRST IDENTIFY,FIRST NOT FOUND
image_0840.jpg,FIRST IDENTIFY,FIRST NOT FOUND
image_0841.jpg,FIRST AND SECOND,HUMAN AND FIRST AND SECOND
image_0842.jpg,FIRST IDENTIFY,FIRST NOT FOUND
image_0843.jpg,CONFUSION NOT IN FIRST,HUMAN AND CONFUSION
image_0844.jpg,CONFUSION NOT IN FIRST,HUMAN AND CONFUSION
image_0845.jpg,FIRST IDENTIFY,FIRST NOT FOUND
image_0846.jpg,FIRST IDENTIFY,FIRST NOT FOUND
image_0847.jpg,FIRST IDENTIFY,FIRST NOT FOUND
image_0848.jpg,FIRST IDENTIFY,FIRST NOT FOUND
image_0849.jpg,FIRST IDENTIFY,FIRST NOT FOUND
image_0850.jpg,FIRST IDENTIFY,FIRST NOT FOUND
image_0851.jpg,FIRST IDENTIFY,FIRST NOT FOUND
image_0852.jpg,FIRST IDENTIFY,FIRST NOT FOUND
image_0853.jpg,CONFUSION NOT IN FIRST,HUMAN AND CONFUSION
image_0854.jpg,CONFUSION NOT IN FIRST,HUMAN AND CONFUSION
image_0855.jpg,FIRST AND SECOND,HUMAN AND FIRST AND SECOND
image_0856.jpg,CONFUSION NOT IN FIRST,HUMAN AND CONFUSION
image_0857.jpg,CONFUSION NOT IN FIRST,HUMAN AND CONFUSION
image_0858.jpg,FIRST AND SECOND,HUMAN AND FIRST AND SECOND
image_0859.jpg,CONFUSION NOT IN FIRST,HUMAN AND CONFUSION
image_0860.jpg,CONFUSION NOT IN FIRST,HUMAN AND CONFUSION
image_0861.jpg,FIRST AND SECOND,HUMAN AND FIRST AND SECOND
image_0862.jpg,FIRST AND SECOND,HUMAN AND FIRST AND SECOND
image_0863.jpg,FIRST AND SECOND,HUMAN AND FIRST AND SECOND
image_0864.jpg,CONFUSION NOT IN FIRST,HUMAN AND CONFUSION
image_0865.jpg,CONFUSION NOT IN FIRST,HUMAN AND CONFUSION
image_0866.jpg,CONFUSION NOT IN FIRST,HUMAN AND CONFUSION
image_0867.jpg,CONFUSION NOT IN FIRST,CONFUSION IN FIRST
image_0868.jpg,CONFUSION NOT IN FIRST,HUMAN AND CONFUSION
image_0869.jpg,FIRST AND SECOND,HUMAN AND FIRST AND SECOND
image_0870.jpg,CONFUSION NOT IN FIRST,HUMAN AND CONFUSION
image_0871.jpg,FIRST AND SECOND,HUMAN AND FIRST AND SECOND
image_0872.jpg,FIRST AND SECOND,HUMAN AND FIRST AND SECOND
image_0873.jpg,CONFUSION NOT IN FIRST,HUMAN AND CONFUSION
image_0874.jpg,FIRST AND SECOND,HUMAN AND FIRST AND SECOND
image_0875.jpg,CONFUSION NOT IN FIRST,HUMAN AND CONFUSION
image_0876.jpg,CONFUSION NOT IN FIRST,HUMAN AND CONFUSION
image_0877.jpg,FIRST AND SECOND,HUMAN AND FIRST AND SECOND
image_0878.jpg,CONFUSION NOT IN FIRST,HUMAN AND CONFUSION
image_0879.jpg,CONFUSION NOT IN FIRST,HUMAN AND CONFUSION
image_0880.jpg,CONFUSION NOT IN FIRST,HUMAN AND CONFUSION
image_0881.jpg,FIRST AND SECOND,HUMAN AND FIRST AND SECOND
image_0882.jpg,CONFUSION IN FIRST,HUMAN AND NOT CONFUSION
image_0883.jpg,CONFUSION NOT IN FIRST,HUMAN AND CONFUSION
image_0884.jpg,CONFUSION NOT IN FIRST,HUMAN AND CONFUSION
image_0885.jpg,CONFUSION NOT IN FIRST,HUMAN AND CONFUSION
image_0886.jpg,FIRST AND SECOND,HUMAN AND FIRST AND SECOND
image_0887.jpg,CONFUSION NOT IN FIRST,HUMAN AND CONFUSION
image_0888.jpg,CONFUSION NOT IN FIRST,HUMAN AND CONFUSION
image_0889.jpg,FIRST AND SECOND,HUMAN AND FIRST AND SECOND
image_0890.jpg,CONFUSION NOT IN FIRST,HUMAN AND CONFUSION
image_0891.jpg,CONFUSION NOT IN FIRST,HUMAN AND CONFUSION
image_0892.jpg,CONFUSION NOT IN FIRST,HUMAN AND CONFUSION
image_0893.jpg,CONFUSION NOT IN FIRST,HUMAN AND CONFUSION
image_0894.jpg,FIRST AND SECOND,HUMAN AND FIRST AND SECOND
image_0895.jpg,CONFUSION NOT IN FIRST,HUMAN AND CONFUSION
image_0896.jpg,CONFUSION NOT IN FIRST,HUMAN AND CONFUSION
image_0897.jpg,CONFUSION NOT IN FIRST,HUMAN AND CONFUSION
image_0898.jpg,FIRST IDENTIFY,FIRST NOT FOUND
image_0899.jpg,CONFUSION NOT IN FIRST,HUMAN AND CONFUSION
image_0900.jpg,CONFUSION NOT IN FIRST,HUMAN AND CONFUSION
image_0901.jpg,CONFUSION NOT IN FIRST,HUMAN AND CONFUSION
image_0902.jpg,CONFUSION NOT IN FIRST,HUMAN AND CONFUSION
image_0903.jpg,FIRST AND SECOND,HUMAN AND FIRST AND SECOND
image_0904.jpg,CONFUSION NOT IN FIRST,HUMAN AND CONFUSION
image_0905.jpg,CONFUSION NOT IN FIRST,HUMAN AND CONFUSION
image_0906.jpg,CONFUSION NOT IN FIRST,HUMAN AND CONFUSION
image_0907.jpg,CONFUSION NOT IN FIRST,HUMAN AND CONFUSION
image_0908.jpg,CONFUSION NOT IN FIRST,HUMAN AND CONFUSION
image_0909.jpg,FIRST IDENTIFY,FIRST NOT FOUND
image_0910.jpg,CONFUSION IN FIRST,HUMAN AND NOT CONFUSION
image_0911.jpg,CONFUSION IN FIRST,HUMAN AND NOT CONFUSION
image_0912.jpg,CONFUSION IN FIRST,HUMAN AND NOT CONFUSION
image_0913.jpg,CONFUSION NOT IN FIRST,HUMAN AND CONFUSION
image_0914.jpg,FIRST IDENTIFY,FIRST NOT FOUND
image_0915.jpg,FIRST IDENTIFY,FIRST NOT FOUND
image_0916.jpg,FIRST IDENTIFY,FIRST NOT FOUND
image_0917.jpg,FIRST IDENTIFY,FIRST NOT FOUND
image_0918.jpg,FIRST IDENTIFY,FIRST NOT FOUND
image_0919.jpg,CONFUSION IN FIRST,HUMAN AND NOT CONFUSION
image_0920.jpg,CONFUSION IN FIRST,HUMAN AND NOT CONFUSION
image_0921.jpg,FIRST IDENTIFY,FIRST NOT FOUND
image_0922.jpg,FIRST AND SECOND,HUMAN AND FIRST AND SECOND
image_0923.jpg,FIRST IDENTIFY,FIRST NOT FOUND
image_0924.jpg,CONFUSION NOT IN FIRST,HUMAN AND CONFUSION
image_0925.jpg,FIRST AND SECOND,HUMAN AND FIRST AND SECOND
image_0926.jpg,CONFUSION NOT IN FIRST,HUMAN AND CONFUSION
image_0927.jpg,CONFUSION NOT IN FIRST,HUMAN AND CONFUSION
image_0928.jpg,FIRST IDENTIFY,FIRST NOT FOUND
image_0929.jpg,CONFUSION NOT IN FIRST,HUMAN AND CONFUSION
image_0930.jpg,FIRST IDENTIFY,FIRST NOT FOUND
image_0931.jpg,CONFUSION IN FIRST,HUMAN AND NOT CONFUSION
image_0932.jpg,CONFUSION IN FIRST,HUMAN AND NOT CONFUSION
image_0933.jpg,FIRST IDENTIFY,FIRST NOT FOUND
image_0934.jpg,FIRST IDENTIFY,FIRST NOT FOUND
image_0935.jpg,FIRST IDENTIFY,FIRST NOT FOUND
image_0936.jpg,CONFUSION NOT IN FIRST,HUMAN AND CONFUSION
image_0937.jpg,CONFUSION NOT IN FIRST,HUMAN AND CONFUSION
image_0938.jpg,FIRST IDENTIFY,FIRST NOT FOUND
image_0939.jpg,FIRST IDENTIFY,FIRST NOT FOUND
image_0940.jpg,CONFUSION NOT IN FIRST,HUMAN AND CONFUSION
image_0941.jpg,FIRST AND SECOND,HUMAN AND FIRST AND SECOND
image_0942.jpg,CONFUSION NOT IN FIRST,HUMAN AND CONFUSION
image_0943.jpg,CONFUSION NOT IN FIRST,HUMAN AND CONFUSION
image_0944.jpg,CONFUSION NOT IN FIRST,HUMAN AND CONFUSION
image_0945.jpg,FIRST IDENTIFY,FIRST NOT FOUND
image_0946.jpg,CONFUSION NOT IN FIRST,HUMAN AND CONFUSION
image_0947.jpg,FIRST IDENTIFY,FIRST NOT FOUND
image_0948.jpg,CONFUSION NOT IN FIRST,HUMAN AND CONFUSION
image_0949.jpg,CONFUSION NOT IN FIRST,CONFUSION IN FIRST
image_0950.jpg,FIRST NOT FOUND,FIRST IDENTIFY
image_0951.jpg,CONFUSION NOT IN FIRST,HUMAN AND CONFUSION
image_0952.jpg,CONFUSION NOT IN FIRST,HUMAN AND CONFUSION
image_0953.jpg,FIRST IDENTIFY,FIRST NOT FOUND
image_0954.jpg,FIRST IDENTIFY,FIRST NOT FOUND
image_0955.jpg,CONFUSION NOT IN FIRST,HUMAN AND CONFUSION
image_0956.jpg,CONFUSION NOT IN FIRST,HUMAN AND CONFUSION
image_0957.jpg,FIRST AND SECOND,HUMAN AND FIRST AND SECOND
image_0958.jpg,CONFUSION NOT IN FIRST,HUMAN AND CONFUSION
image_0959.jpg,FIRST AND SECOND,HUMAN AND FIRST AND SECOND
image_0960.jpg,FIRST AND SECOND,HUMAN AND FIRST AND SECOND
image_0961.jpg,FIRST IDENTIFY,FIRST NOT FOUND
image_0962.jpg,CONFUSION NOT IN FIRST,HUMAN AND CONFUSION
image_0963.jpg,FIRST AND SECOND,HUMAN AND FIRST AND SECOND
image_0964.jpg,FIRST AND SECOND,HUMAN AND FIRST AND SECOND
image_0965.jpg,FIRST IDENTIFY,FIRST NOT FOUND
image_0966.jpg,CONFUSION NOT IN FIRST,HUMAN AND CONFUSION
image_0967.jpg,CONFUSION NOT IN FIRST,HUMAN AND CONFUSION
image_0968.jpg,FIRST IDENTIFY,FIRST NOT FOUND
image_0969.jpg,CONFUSION NOT IN FIRST,HUMAN AND CONFUSION
image_0970.jpg,CONFUSION NOT IN FIRST,HUMAN AND CONFUSION
image_0971.jpg,CONFUSION NOT IN FIRST,HUMAN AND CONFUSION
image_0972.jpg,FIRST IDENTIFY,FIRST NOT FOUND
image_0973.jpg,CONFUSION IN FIRST,HUMAN AND NOT CONFUSION
image_0974.jpg,CONFUSION IN FIRST,HUMAN AND NOT CONFUSION
image_0975.jpg,CONFUSION NOT IN FIRST,HUMAN AND CONFUSION
image_0976.jpg,FIRST AND SECOND,HUMAN AND FIRST AND SECOND
image_0977.jpg,FIRST AND SECOND,HUMAN AND FIRST AND SECOND
image_0978.jpg,FIRST AND SECOND,HUMAN AND FIRST AND SECOND
image_0979.jpg,CONFUSION NOT IN FIRST,HUMAN AND CONFUSION
image_0980.jpg,CONFUSION NOT IN FIRST,HUMAN AND CONFUSION
image_0981.jpg,FIRST IDENTIFY,FIRST NOT FOUND
image_0982.jpg,FIRST AND SECOND,HUMAN AND FIRST AND SECOND
image_0983.jpg,FIRST NOT FOUND,FIRST IDENTIFY
