Image Name,Mask 1,Mask 1 Class,Mask 1 Person,Mask 1 Gender,Mask 1 Skin Tone,Mask 2,Mask 2 Class,Mask 2 Person,Mask 2 Gender,Mask 2 Skin Tone
image_0100.jpg,TRUE,cat,FALSE,FALSE,FALSE,TRUE,background,FALSE,FALSE,FALSE
image_0101.jpg,TRUE,person,TRUE,MALE,3,TRUE,person,TRUE,UNKNOWN,FALSE
image_0102.jpg,TRUE,person,TRUE,MALE,4,TRUE,person,TRUE,UNKNOWN,4
image_0103.jpg,TRUE,dog,FALSE,FALSE,FALSE,TRUE,dog,FALSE,FALSE,FALSE
image_0104.jpg,TRUE,person,TRUE,MALE,3,TRUE,person,TRUE,MALE,3
image_0105.jpg,TRUE,dog,FALSE,FALSE,FALSE,TRUE,person,TRUE,MALE,3
image_0106.jpg,TRUE,cat,FALSE,FALSE,FALSE,TRUE,cat,FALSE,FALSE,FALSE
image_0107.jpg,TRUE,cat,FALSE,FALSE,FALSE,TRUE,background,FALSE,FALSE,FALSE
image_0108.jpg,TRUE,background,FALSE,FALSE,FALSE,TRUE,cat,FALSE,FALSE,FALSE
image_0109.jpg,TRUE,dog,FALSE,FALSE,FALSE,TRUE,dog,FALSE,FALSE,FALSE
image_0110.jpg,TRUE,person,TRUE,MALE,2,TRUE,person,TRUE,FEMALE,2
image_0111.jpg,TRUE,person,TRUE,FEMALE,3,TRUE,person,TRUE,FEMALE,3
image_0112.jpg,TRUE,dog,FALSE,FALSE,FALSE,TRUE,background,FALSE,FALSE,FALSE
image_0113.jpg,TRUE,person,TRUE,MALE,2,TRUE,person,TRUE,MALE,2
image_0114.jpg,TRUE,person,TRUE,MALE,4,TRUE,person,TRUE,UNKNOWN,3
image_0115.jpg,TRUE,person,TRUE,MALE,3,TRUE,person,TRUE,MALE,2
image_0116.jpg,TRUE,person,TRUE,MALE,4,TRUE,person,TRUE,UNKNOWN,4
image_0117.jpg,TRUE,person,TRUE,MALE,3,TRUE,bird,FALSE,FALSE,FALSE
image_0118.jpg,TRUE,person,TRUE,UNKNOWN,2,TRUE,dog,FALSE,FALSE,FALSE
image_0119.jpg,TRUE,person,TRUE,MALE,3,TRUE,background,FALSE,FALSE,FALSE
image_0120.jpg,TRUE,person,TRUE,MALE,4,TRUE,person,TRUE,MALE,4
image_0121.jpg,TRUE,dog,FALSE,FALSE,FALSE,TRUE,dog,FALSE,FALSE,FALSE
image_0122.jpg,TRUE,sheep,FALSE,FALSE,FALSE,TRUE,sheep,FALSE,FALSE,FALSE
image_0123.jpg,TRUE,cat,FALSE,FALSE,FALSE,TRUE,cat,FALSE,FALSE,FALSE
image_0124.jpg,TRUE,person,TRUE,FEMALE,4,TRUE,backpack,FALSE,FALSE,FALSE
image_0125.jpg,TRUE,person,TRUE,UNKNOWN,3,TRUE,cat,FALSE,FALSE,FALSE
image_0126.jpg,TRUE,dog,FALSE,FALSE,FALSE,TRUE,dog,FALSE,FALSE,FALSE
image_0127.jpg,TRUE,cat,FALSE,FALSE,FALSE,TRUE,background,FALSE,FALSE,FALSE
image_0128.jpg,TRUE,person,TRUE,FEMALE,1,TRUE,dog,FALSE,FALSE,FALSE
image_0129.jpg,TRUE,dog,FALSE,FALSE,FALSE,TRUE,dog,FALSE,FALSE,FALSE
image_0130.jpg,TRUE,cat,FALSE,FALSE,FALSE,FALSE,FALSE,FALSE,FALSE,FALSE
image_0131.jpg,TRUE,person,TRUE,FEMALE,4,TRUE,person,TRUE,MALE,3
image_0132.jpg,TRUE,person,TRUE,UNKNOWN,2,TRUE,person,TRUE,FEMALE,2
image_0133.jpg,TRUE,person,TRUE,MALE,3,TRUE,background,FALSE,FALSE,FALSE
image_0134.jpg,TRUE,person,TRUE,FEMALE,3,TRUE,person,TRUE,FEMALE,3
image_0135.jpg,TRUE,cat,FALSE,FALSE,FALSE,TRUE,cat,FALSE,FALSE,FALSE
image_0136.jpg,TRUE,dog,FALSE,FALSE,FALSE,TRUE,dog,FALSE,FALSE,FALSE
image_0137.jpg,TRUE,background,FALSE,FALSE,FALSE,FALSE,FALSE,FALSE,FALSE,FALSE
image_0138.jpg,TRUE,cat,FALSE,FALSE,FALSE,TRUE,cat,FALSE,FALSE,FALSE
image_0139.jpg,TRUE,cat,FALSE,FALSE,FALSE,TRUE,cat,FALSE,FALSE,FALSE
image_0140.jpg,TRUE,bicycle,FALSE,FALSE,FALSE,TRUE,bicycle,FALSE,FALSE,FALSE
image_0141.jpg,TRUE,person,TRUE,MALE,3,TRUE,background,FALSE,FALSE,FALSE
image_0142.jpg,TRUE,person,TRUE,UNKNOWN,6,TRUE,book,FALSE,FALSE,FALSE
image_0143.jpg,TRUE,cat,FALSE,FALSE,FALSE,TRUE,cat,FALSE,FALSE,FALSE
image_0144.jpg,TRUE,cat,FALSE,FALSE,FALSE,TRUE,background,FALSE,FALSE,FALSE
image_0145.jpg,TRUE,person,TRUE,FEMALE,2,TRUE,person,TRUE,MALE,3
image_0146.jpg,TRUE,person,TRUE,MALE,3,TRUE,person,TRUE,UNKNOWN,3
image_0147.jpg,TRUE,person,TRUE,MALE,3,TRUE,person,TRUE,MALE,3
image_0148.jpg,TRUE,person,TRUE,FEMALE,1,TRUE,person,TRUE,FEMALE,1
image_0149.jpg,TRUE,person,TRUE,MALE,2,TRUE,person,TRUE,MALE,3
image_0150.jpg,TRUE,person,TRUE,FEMALE,3,TRUE,person,TRUE,MALE,2
image_0151.jpg,TRUE,person,TRUE,MALE,2,TRUE,person,TRUE,MALE,3
image_0152.jpg,TRUE,person,TRUE,UNKNOWN,4,TRUE,background,FALSE,FALSE,FALSE
image_0153.jpg,TRUE,person,TRUE,UNKNOWN,FALSE,TRUE,person,TRUE,UNKNOWN,3
image_0154.jpg,TRUE,dog,FALSE,FALSE,FALSE,TRUE,person,TRUE,UNKNOWN,3
image_0155.jpg,TRUE,person,TRUE,UNKNOWN,3,TRUE,chair,FALSE,FALSE,FALSE
image_0156.jpg,TRUE,background,FALSE,FALSE,FALSE,FALSE,FALSE,FALSE,FALSE,FALSE
image_0157.jpg,TRUE,cat,FALSE,FALSE,FALSE,TRUE,cat,FALSE,FALSE,FALSE
image_0158.jpg,TRUE,person,TRUE,FEMALE,1,TRUE,background,FALSE,FALSE,FALSE
image_0159.jpg,TRUE,person,TRUE,UNKNOWN,3,TRUE,person,TRUE,MALE,3
image_0160.jpg,TRUE,person,TRUE,FEMALE,7,TRUE,person,TRUE,FEMALE,6
image_0161.jpg,TRUE,person,TRUE,MALE,1,TRUE,background,FALSE,FALSE,FALSE
image_0162.jpg,TRUE,dog,FALSE,FALSE,FALSE,FALSE,FALSE,FALSE,FALSE,FALSE
image_0163.jpg,TRUE,background,FALSE,FALSE,FALSE,FALSE,FALSE,FALSE,FALSE,FALSE
image_0164.jpg,TRUE,background,FALSE,FALSE,FALSE,FALSE,FALSE,FALSE,FALSE,FALSE
image_0165.jpg,TRUE,cat,FALSE,FALSE,FALSE,FALSE,FALSE,FALSE,FALSE,FALSE
image_0166.jpg,TRUE,background,FALSE,FALSE,FALSE,FALSE,FALSE,FALSE,FALSE,FALSE
image_0167.jpg,TRUE,cat,FALSE,FALSE,FALSE,FALSE,FALSE,FALSE,FALSE,FALSE
image_0168.jpg,TRUE,background,FALSE,FALSE,FALSE,FALSE,FALSE,FALSE,FALSE,FALSE
image_0169.jpg,TRUE,background,FALSE,FALSE,FALSE,FALSE,FALSE,FALSE,FALSE,FALSE
image_0170.jpg,TRUE,dog,FALSE,FALSE,FALSE,TRUE,background,FALSE,FALSE,FALSE
image_0171.jpg,TRUE,person,TRUE,UNKNOWN,3,TRUE,person,TRUE,UNKNOWN,3
image_0172.jpg,TRUE,background,FALSE,FALSE,FALSE,FALSE,FALSE,FALSE,FALSE,FALSE
image_0173.jpg,TRUE,dog,FALSE,FALSE,FALSE,FALSE,FALSE,FALSE,FALSE,FALSE
image_0174.jpg,TRUE,background,FALSE,FALSE,FALSE,FALSE,FALSE,FALSE,FALSE,FALSE
image_0175.jpg,TRUE,cat,FALSE,FALSE,FALSE,FALSE,FALSE,FALSE,FALSE,FALSE
image_0176.jpg,TRUE,cat,FALSE,FALSE,FALSE,FALSE,FALSE,FALSE,FALSE,FALSE
image_0177.jpg,TRUE,background,FALSE,FALSE,FALSE,FALSE,FALSE,FALSE,FALSE,FALSE
image_0178.jpg,TRUE,dog,FALSE,FALSE,FALSE,FALSE,FALSE,FALSE,FALSE,FALSE
image_0179.jpg,TRUE,person,TRUE,MALE,2,TRUE,background,FALSE,FALSE,FALSE
image_0180.jpg,TRUE,dog,FALSE,FALSE,FALSE,TRUE,dog,FALSE,FALSE,FALSE
image_0181.jpg,TRUE,cat,FALSE,FALSE,FALSE,FALSE,FALSE,FALSE,FALSE,FALSE
image_0182.jpg,TRUE,background,FALSE,FALSE,FALSE,TRUE,person,TRUE,UNKNOWN,3
image_0183.jpg,TRUE,cat,FALSE,FALSE,FALSE,FALSE,FALSE,FALSE,FALSE,FALSE
image_0184.jpg,TRUE,cat,FALSE,FALSE,FALSE,TRUE,background,FALSE,FALSE,FALSE
image_0185.jpg,TRUE,background,FALSE,FALSE,FALSE,TRUE,person,TRUE,FEMALE,3
image_0186.jpg,TRUE,bird,FALSE,FALSE,FALSE,FALSE,FALSE,FALSE,FALSE,FALSE
image_0187.jpg,TRUE,person,TRUE,FEMALE,3,TRUE,person,TRUE,UNKNOWN,FALSE
image_0188.jpg,TRUE,dog,FALSE,FALSE,FALSE,FALSE,FALSE,FALSE,FALSE,FALSE
image_0189.jpg,TRUE,dog,FALSE,FALSE,FALSE,FALSE,FALSE,FALSE,FALSE,FALSE
image_0190.jpg,TRUE,cat,FALSE,FALSE,FALSE,FALSE,FALSE,FALSE,FALSE,FALSE
image_0191.jpg,TRUE,cat,FALSE,FALSE,FALSE,FALSE,FALSE,FALSE,FALSE,FALSE
image_0192.jpg,TRUE,cat,FALSE,FALSE,FALSE,FALSE,FALSE,FALSE,FALSE,FALSE
image_0193.jpg,TRUE,person,TRUE,UNKNOWN,3,TRUE,person,TRUE,UNKNOWN,FALSE
image_0194.jpg,TRUE,person,TRUE,FEMALE,1,TRUE,horse,FALSE,FALSE,FALSE
image_0195.jpg,TRUE,cat,FALSE,FALSE,FALSE,FALSE,FALSE,FALSE,FALSE,FALSE
image_0196.jpg,TRUE,cat,FALSE,FALSE,FALSE,FALSE,FALSE,FALSE,FALSE,FALSE
image_0197.jpg,TRUE,cat,FALSE,FALSE,FALSE,FALSE,FALSE,FALSE,FALSE,FALSE
image_0198.jpg,TRUE,background,FALSE,FALSE,FALSE,FALSE,FALSE,FALSE,FALSE,FALSE
image_0199.jpg,TRUE,cat,FALSE,FALSE,FALSE,FALSE,FALSE,FALSE,FALSE,FALSE
image_0800.jpg,TRUE,person,TRUE,UNKNOWN,2,TRUE,person,TRUE,UNKNOWN,2
image_0801.jpg,TRUE,person,TRUE,MALE,2,TRUE,person,TRUE,UNKNOWN,FALSE
image_0802.jpg,TRUE,person,TRUE,FEMALE,2,TRUE,person,TRUE,UNKNOWN,3
image_0803.jpg,TRUE,person,TRUE,MALE,5,TRUE,person,TRUE,FEMALE,2
image_0804.jpg,TRUE,person,TRUE,MALE,3,TRUE,person,TRUE,FEMALE,1
image_0805.jpg,TRUE,person,TRUE,MALE,5,TRUE,person,TRUE,UNKNOWN,2
image_0806.jpg,TRUE,person,TRUE,UNKNOWN,3,TRUE,background,FALSE,FALSE,FALSE
image_0807.jpg,TRUE,person,TRUE,FEMALE,5,TRUE,person,TRUE,UNKNOWN,FALSE
image_0808.jpg,TRUE,person,TRUE,UNKNOWN,2,TRUE,dog,FALSE,FALSE,FALSE
image_0809.jpg,TRUE,person,TRUE,MALE,5,TRUE,person,TRUE,UNKNOWN,FALSE
image_0810.jpg,TRUE,cat,FALSE,FALSE,FALSE,TRUE,cat,FALSE,FALSE,FALSE
image_0811.jpg,TRUE,person,TRUE,FEMALE,2,TRUE,person,TRUE,FEMALE,2
image_0812.jpg,TRUE,person,TRUE,FEMALE,1,TRUE,book,FALSE,FALSE,FALSE
image_0813.jpg,TRUE,person,TRUE,FEMALE,2,TRUE,background,FALSE,FALSE,FALSE
image_0814.jpg,TRUE,person,TRUE,MALE,4,TRUE,bird,FALSE,FALSE,FALSE
image_0815.jpg,TRUE,person,TRUE,FEMALE,2,TRUE,dog,FALSE,FALSE,FALSE
image_0816.jpg,TRUE,person,TRUE,MALE,7,TRUE,background,FALSE,FALSE,FALSE
image_0817.jpg,TRUE,person,TRUE,FEMALE,1,TRUE,background,FALSE,FALSE,FALSE
image_0818.jpg,TRUE,person,TRUE,FEMALE,1,TRUE,background,FALSE,FALSE,FALSE
image_0819.jpg,TRUE,cat,FALSE,FALSE,FALSE,FALSE,FALSE,FALSE,FALSE,FALSE
image_0820.jpg,TRUE,person,TRUE,FEMALE,1,FALSE,FALSE,FALSE,FALSE,FALSE
image_0821.jpg,TRUE,person,TRUE,MALE,FALSE,FALSE,FALSE,FALSE,FALSE,FALSE
image_0822.jpg,TRUE,person,TRUE,UNKNOWN,1,FALSE,FALSE,FALSE,FALSE,FALSE
image_0823.jpg,TRUE,dog,FALSE,FALSE,FALSE,FALSE,FALSE,FALSE,FALSE,FALSE
image_0824.jpg,TRUE,person,TRUE,UNKNOWN,2,TRUE,dog,FALSE,FALSE,FALSE
image_0825.jpg,TRUE,person,TRUE,MALE,3,TRUE,umbrella,FALSE,FALSE,FALSE
image_0826.jpg,TRUE,background,FALSE,FALSE,FALSE,TRUE,cat,FALSE,FALSE,FALSE
image_0827.jpg,TRUE,person,TRUE,MALE,3,TRUE,person,TRUE,MALE,1
image_0828.jpg,TRUE,person,TRUE,MALE,3,FALSE,FALSE,FALSE,FALSE,FALSE
image_0829.jpg,TRUE,background,FALSE,FALSE,FALSE,TRUE,background,FALSE,FALSE,FALSE
image_0830.jpg,TRUE,giraffe,FALSE,FALSE,FALSE,TRUE,giraffe,FALSE,FALSE,FALSE
image_0831.jpg,TRUE,cat,FALSE,FALSE,FALSE,TRUE,cat,FALSE,FALSE,FALSE
image_0832.jpg,TRUE,background,FALSE,FALSE,FALSE,TRUE,horse,FALSE,FALSE,FALSE
image_0833.jpg,TRUE,person,TRUE,MALE,7,TRUE,dog,FALSE,FALSE,FALSE
image_0834.jpg,TRUE,person,TRUE,MALE,5,TRUE,person,TRUE,FEMALE,2
image_0835.jpg,TRUE,person,TRUE,UNKNOWN,1,TRUE,person,TRUE,MALE,1
image_0836.jpg,TRUE,person,TRUE,FEMALE,2,TRUE,background,FALSE,FALSE,FALSE
image_0837.jpg,TRUE,person,TRUE,FEMALE,2,TRUE,background,FALSE,FALSE,FALSE
image_0838.jpg,TRUE,dog,FALSE,FALSE,FALSE,TRUE,dog,FALSE,FALSE,FALSE
image_0839.jpg,TRUE,cat,FALSE,FALSE,FALSE,FALSE,FALSE,FALSE,FALSE,FALSE
image_0840.jpg,TRUE,background,FALSE,FALSE,FALSE,FALSE,FALSE,FALSE,FALSE,FALSE
image_0841.jpg,TRUE,cat,FALSE,FALSE,FALSE,TRUE,cat,FALSE,FALSE,FALSE
image_0842.jpg,TRUE,person,TRUE,MALE,2,FALSE,FALSE,FALSE,FALSE,FALSE
image_0843.jpg,TRUE,person,TRUE,FEMALE,2,TRUE,person,TRUE,FEMALE,3
image_0844.jpg,TRUE,person,TRUE,MALE,2,TRUE,bicycle,FALSE,FALSE,FALSE
image_0845.jpg,TRUE,background,FALSE,FALSE,FALSE,FALSE,FALSE,FALSE,FALSE,FALSE
image_0846.jpg,TRUE,bird,FALSE,FALSE,FALSE,FALSE,FALSE,FALSE,FALSE,FALSE
image_0847.jpg,TRUE,bird,FALSE,FALSE,FALSE,FALSE,FALSE,FALSE,FALSE,FALSE
image_0848.jpg,TRUE,bird,FALSE,FALSE,FALSE,FALSE,FALSE,FALSE,FALSE,FALSE
image_0849.jpg,TRUE,bird,FALSE,FALSE,FALSE,FALSE,FALSE,FALSE,FALSE,FALSE
image_0850.jpg,TRUE,bird,FALSE,FALSE,FALSE,FALSE,FALSE,FALSE,FALSE,FALSE
image_0851.jpg,TRUE,bird,FALSE,FALSE,FALSE,FALSE,FALSE,FALSE,FALSE,FALSE
image_0852.jpg,TRUE,bird,FALSE,FALSE,FALSE,FALSE,FALSE,FALSE,FALSE,FALSE
image_0853.jpg,TRUE,person,TRUE,FEMALE,5,TRUE,person,TRUE,FEMALE,2
image_0854.jpg,TRUE,person,TRUE,FEMALE,1,TRUE,background,FALSE,FALSE,FALSE
image_0855.jpg,TRUE,person,TRUE,MALE,2,TRUE,background,FALSE,FALSE,FALSE
image_0856.jpg,TRUE,person,TRUE,MALE,7,TRUE,background,FALSE,FALSE,FALSE
image_0857.jpg,TRUE,dog,FALSE,FALSE,FALSE,TRUE,background,FALSE,FALSE,FALSE
image_0858.jpg,TRUE,person,TRUE,MALE,2,TRUE,dog,FALSE,FALSE,FALSE
image_0859.jpg,TRUE,dog,FALSE,FALSE,FALSE,TRUE,background,FALSE,FALSE,FALSE
image_0860.jpg,TRUE,person,TRUE,FEMALE,2,TRUE,dog,FALSE,FALSE,FALSE
image_0861.jpg,TRUE,person,TRUE,UNKNOWN,1,TRUE,dog,FALSE,FALSE,FALSE
image_0862.jpg,TRUE,person,TRUE,UNKNOWN,4,TRUE,dog,FALSE,FALSE,FALSE
image_0863.jpg,TRUE,dog,FALSE,FALSE,FALSE,TRUE,bird,FALSE,FALSE,FALSE
image_0864.jpg,TRUE,person,TRUE,UNKNOWN,2,TRUE,dog,FALSE,FALSE,FALSE
image_0865.jpg,TRUE,person,TRUE,FEMALE,2,TRUE,dog,FALSE,FALSE,FALSE
image_0866.jpg,TRUE,person,TRUE,FEMALE,2,TRUE,person,TRUE,MALE,3
image_0867.jpg,TRUE,background,FALSE,FALSE,FALSE,TRUE,background,FALSE,FALSE,FALSE
image_0868.jpg,TRUE,cat,FALSE,FALSE,FALSE,TRUE,background,FALSE,FALSE,FALSE
image_0869.jpg,TRUE,person,TRUE,FEMALE,2,TRUE,dog,FALSE,FALSE,FALSE
image_0870.jpg,TRUE,cat,FALSE,FALSE,FALSE,TRUE,background,FALSE,FALSE,FALSE
image_0871.jpg,TRUE,person,TRUE,MALE,5,TRUE,bird,FALSE,FALSE,FALSE
image_0872.jpg,TRUE,person,TRUE,MALE,2,TRUE,horse,FALSE,FALSE,FALSE
image_0873.jpg,TRUE,person,TRUE,UNKNOWN,FALSE,TRUE,background,FALSE,FALSE,FALSE
image_0874.jpg,TRUE,cat,FALSE,FALSE,FALSE,TRUE,cat,FALSE,FALSE,FALSE
image_0875.jpg,TRUE,person,TRUE,MALE,2,TRUE,background,FALSE,FALSE,FALSE
image_0876.jpg,TRUE,person,TRUE,FEMALE,2,TRUE,background,FALSE,FALSE,FALSE
image_0877.jpg,TRUE,bird,FALSE,FALSE,FALSE,TRUE,person,TRUE,UNKNOWN,FALSE
image_0878.jpg,TRUE,person,TRUE,UNKNOWN,2,TRUE,background,FALSE,FALSE,FALSE
image_0879.jpg,TRUE,person,TRUE,MALE,5,TRUE,background,FALSE,FALSE,FALSE
image_0880.jpg,TRUE,person,TRUE,MALE,3,TRUE,bird,FALSE,FALSE,FALSE
image_0881.jpg,TRUE,person,TRUE,UNKNOWN,2,TRUE,dog,FALSE,FALSE,FALSE
image_0882.jpg,TRUE,person,TRUE,MALE,2,TRUE,person,TRUE,MALE,2
image_0883.jpg,TRUE,person,TRUE,FEMALE,1,TRUE,background,FALSE,FALSE,FALSE
image_0884.jpg,TRUE,person,TRUE,FEMALE,2,TRUE,background,FALSE,FALSE,FALSE
image_0885.jpg,TRUE,person,TRUE,UNKNOWN,2,TRUE,background,FALSE,FALSE,FALSE
image_0886.jpg,TRUE,person,TRUE,MALE,2,TRUE,dog,FALSE,FALSE,FALSE
image_0887.jpg,TRUE,person,TRUE,MALE,2,TRUE,background,FALSE,FALSE,FALSE
image_0888.jpg,TRUE,person,TRUE,MALE,2,TRUE,background,FALSE,FALSE,FALSE
image_0889.jpg,TRUE,person,TRUE,UNKNOWN,1,TRUE,dog,FALSE,FALSE,FALSE
image_0890.jpg,TRUE,cat,FALSE,FALSE,FALSE,TRUE,person,TRUE,FEMALE,1
image_0891.jpg,TRUE,person,TRUE,FEMALE,2,TRUE,horse,FALSE,FALSE,FALSE
image_0892.jpg,TRUE,person,TRUE,MALE,6,TRUE,background,FALSE,FALSE,FALSE
image_0893.jpg,TRUE,person,TRUE,FEMALE,2,TRUE,bottle,FALSE,FALSE,FALSE
image_0894.jpg,TRUE,person,TRUE,FEMALE,3,TRUE,person,TRUE,UNKNOWN,1
image_0895.jpg,TRUE,person,TRUE,FEMALE,2,TRUE,background,FALSE,FALSE,FALSE
image_0896.jpg,TRUE,person,TRUE,MALE,5,TRUE,background,FALSE,FALSE,FALSE
image_0897.jpg,TRUE,person,TRUE,FEMALE,3,TRUE,background,FALSE,FALSE,FALSE
image_0898.jpg,TRUE,dog,FALSE,FALSE,FALSE,FALSE,FALSE,FALSE,FALSE,FALSE
image_0899.jpg,TRUE,person,TRUE,FEMALE,FALSE,TRUE,person,TRUE,UNKNOWN,6
image_0900.jpg,TRUE,person,TRUE,MALE,2,TRUE,person,TRUE,FEMALE,3
image_0901.jpg,TRUE,person,TRUE,FEMALE,2,TRUE,person,TRUE,FEMALE,2
image_0902.jpg,TRUE,person,TRUE,FEMALE,3,TRUE,person,TRUE,UNKNOWN,3
image_0903.jpg,TRUE,person,TRUE,FEMALE,3,TRUE,dog,FALSE,FALSE,FALSE
image_0904.jpg,TRUE,dog,FALSE,FALSE,FALSE,TRUE,dog,FALSE,FALSE,FALSE
image_0905.jpg,TRUE,person,TRUE,MALE,6,TRUE,background,FALSE,FALSE,FALSE
image_0906.jpg,TRUE,person,TRUE,MALE,2,TRUE,background,FALSE,FALSE,FALSE
image_0907.jpg,TRUE,person,TRUE,FEMALE,2,TRUE,person,TRUE,MALE,3
image_0908.jpg,TRUE,person,TRUE,MALE,3,TRUE,person,TRUE,UNKNOWN,3
image_0909.jpg,TRUE,dog,FALSE,FALSE,FALSE,FALSE,FALSE,FALSE,FALSE,FALSE
image_0910.jpg,TRUE,person,TRUE,MALE,6,TRUE,person,TRUE,MALE,6
image_0911.jpg,TRUE,person,TRUE,UNKNOWN,3,TRUE,person,TRUE,UNKNOWN,3
image_0912.jpg,TRUE,person,TRUE,FEMALE,FALSE,TRUE,person,TRUE,UNKNOWN,FALSE
image_0913.jpg,TRUE,person,TRUE,MALE,3,TRUE,background,FALSE,FALSE,FALSE
image_0914.jpg,TRUE,dog,FALSE,FALSE,FALSE,FALSE,FALSE,FALSE,FALSE,FALSE
image_0915.jpg,TRUE,background,FALSE,FALSE,FALSE,FALSE,FALSE,FALSE,FALSE,FALSE
image_0916.jpg,TRUE,bird,FALSE,FALSE,FALSE,FALSE,FALSE,FALSE,FALSE,FALSE
image_0917.jpg,TRUE,cat,FALSE,FALSE,FALSE,FALSE,FALSE,FALSE,FALSE,FALSE
image_0918.jpg,TRUE,bird,FALSE,FALSE,FALSE,FALSE,FALSE,FALSE,FALSE,FALSE
image_0919.jpg,TRUE,person,TRUE,FEMALE,2,TRUE,person,TRUE,FEMALE,2
image_0920.jpg,TRUE,person,TRUE,FEMALE,3,TRUE,person,TRUE,FEMALE,3
image_0921.jpg,TRUE,dog,FALSE,FALSE,FALSE,FALSE,FALSE,FALSE,FALSE,FALSE
image_0922.jpg,TRUE,dog,FALSE,FALSE,FALSE,TRUE,dog,FALSE,FALSE,FALSE
image_0923.jpg,TRUE,cat,FALSE,FALSE,FALSE,FALSE,FALSE,FALSE,FALSE,FALSE
image_0924.jpg,TRUE,person,TRUE,FEMALE,3,TRUE,handbag,FALSE,FALSE,FALSE
image_0925.jpg,TRUE,person,TRUE,UNKNOWN,FALSE,TRUE,dog,FALSE,FALSE,FALSE
image_0926.jpg,TRUE,person,TRUE,MALE,2,TRUE,background,FALSE,FALSE,FALSE
image_0927.jpg,TRUE,person,TRUE,FEMALE,6,TRUE,person,TRUE,FEMALE,6
image_0928.jpg,TRUE,bird,FALSE,FALSE,FALSE,FALSE,FALSE,FALSE,FALSE,FALSE
image_0929.jpg,TRUE,person,TRUE,MALE,3,TRUE,background,FALSE,FALSE,FALSE
image_0930.jpg,TRUE,background,FALSE,FALSE,FALSE,FALSE,FALSE,FALSE,FALSE,FALSE
image_0931.jpg,TRUE,person,TRUE,FEMALE,2,TRUE,person,TRUE,UNKNOWN,3
image_0932.jpg,TRUE,bicycle,FALSE,FALSE,FALSE,TRUE,bicycle,FALSE,FALSE,FALSE
image_0933.jpg,TRUE,dog,FALSE,FALSE,FALSE,FALSE,FALSE,FALSE,FALSE,FALSE
image_0934.jpg,TRUE,dog,FALSE,FALSE,FALSE,FALSE,FALSE,FALSE,FALSE,FALSE
image_0935.jpg,TRUE,cat,FALSE,FALSE,FALSE,FALSE,FALSE,FALSE,FALSE,FALSE
image_0936.jpg,TRUE,person,TRUE,MALE,2,TRUE,background,FALSE,FALSE,FALSE
image_0937.jpg,TRUE,person,TRUE,MALE,3,TRUE,background,FALSE,FALSE,FALSE
image_0938.jpg,TRUE,dog,FALSE,FALSE,FALSE,FALSE,FALSE,FALSE,FALSE,FALSE
image_0939.jpg,TRUE,cat,FALSE,FALSE,FALSE,FALSE,FALSE,FALSE,FALSE,FALSE
image_0940.jpg,TRUE,cat,FALSE,FALSE,FALSE,TRUE,background,FALSE,FALSE,FALSE
image_0941.jpg,TRUE,dog,FALSE,FALSE,FALSE,TRUE,cat,FALSE,FALSE,FALSE
image_0942.jpg,TRUE,person,TRUE,MALE,3,TRUE,person,TRUE,FEMALE,FALSE
image_0943.jpg,TRUE,person,TRUE,MALE,4,TRUE,background,FALSE,FALSE,FALSE
image_0944.jpg,TRUE,person,TRUE,FEMALE,2,TRUE,person,TRUE,UNKNOWN,2
image_0945.jpg,TRUE,cat,FALSE,FALSE,FALSE,FALSE,FALSE,FALSE,FALSE,FALSE
image_0946.jpg,TRUE,person,TRUE,MALE,2,TRUE,person,TRUE,FEMALE,3
image_0947.jpg,TRUE,sheep,FALSE,FALSE,FALSE,FALSE,FALSE,FALSE,FALSE,FALSE
image_0948.jpg,TRUE,person,TRUE,UNKNOWN,2,TRUE,person,TRUE,FEMALE,2
image_0949.jpg,TRUE,dog,FALSE,FALSE,FALSE,TRUE,background,FALSE,FALSE,FALSE
image_0950.jpg,TRUE,background,FALSE,FALSE,FALSE,FALSE,FALSE,FALSE,FALSE,FALSE
image_0951.jpg,TRUE,person,TRUE,MALE,2,TRUE,background,FALSE,FALSE,FALSE
image_0952.jpg,TRUE,cat,FALSE,FALSE,FALSE,TRUE,background,FALSE,FALSE,FALSE
image_0953.jpg,TRUE,cat,FALSE,FALSE,FALSE,FALSE,FALSE,FALSE,FALSE,FALSE
image_0954.jpg,TRUE,bird,FALSE,FALSE,FALSE,FALSE,FALSE,FALSE,FALSE,FALSE
image_0955.jpg,TRUE,person,TRUE,MALE,2,TRUE,background,FALSE,FALSE,FALSE
image_0956.jpg,TRUE,person,TRUE,MALE,2,TRUE,chair,FALSE,FALSE,FALSE
image_0957.jpg,TRUE,cat,FALSE,FALSE,FALSE,TRUE,cat,FALSE,FALSE,FALSE
image_0958.jpg,TRUE,person,TRUE,MALE,3,TRUE,person,TRUE,FEMALE,4
image_0959.jpg,TRUE,cat,FALSE,FALSE,FALSE,TRUE,cat,FALSE,FALSE,FALSE
image_0960.jpg,TRUE,background,FALSE,FALSE,FALSE,TRUE,background,FALSE,FALSE,FALSE
image_0961.jpg,TRUE,cat,FALSE,FALSE,FALSE,FALSE,FALSE,FALSE,FALSE,FALSE
image_0962.jpg,TRUE,person,TRUE,FEMALE,3,TRUE,person,TRUE,FEMALE,3
image_0963.jpg,TRUE,person,TRUE,UNKNOWN,FALSE,TRUE,dog,FALSE,FALSE,FALSE
image_0964.jpg,TRUE,person,TRUE,UNKNOWN,2,TRUE,person,TRUE,UNKNOWN,FALSE
image_0965.jpg,TRUE,bird,FALSE,FALSE,FALSE,FALSE,FALSE,FALSE,FALSE,FALSE
image_0966.jpg,TRUE,person,TRUE,FEMALE,3,TRUE,person,TRUE,FEMALE,3
image_0967.jpg,TRUE,person,TRUE,FEMALE,4,TRUE,background,FALSE,FALSE,FALSE
image_0968.jpg,TRUE,dog,FALSE,FALSE,FALSE,FALSE,FALSE,FALSE,FALSE,FALSE
image_0969.jpg,TRUE,person,TRUE,MALE,2,TRUE,background,FALSE,FALSE,FALSE
image_0970.jpg,TRUE,cat,FALSE,FALSE,FALSE,TRUE,background,FALSE,FALSE,FALSE
image_0971.jpg,TRUE,bird,FALSE,FALSE,FALSE,TRUE,background,FALSE,FALSE,FALSE
image_0972.jpg,TRUE,cat,FALSE,FALSE,FALSE,FALSE,FALSE,FALSE,FALSE,FALSE
image_0973.jpg,TRUE,chair,FALSE,FALSE,FALSE,TRUE,chair,FALSE,FALSE,FALSE
image_0974.jpg,TRUE,person,TRUE,FEMALE,2,TRUE,person,TRUE,FEMALE,2
image_0975.jpg,TRUE,person,TRUE,FEMALE,3,TRUE,person,TRUE,MALE,2
image_0976.jpg,TRUE,dog,FALSE,FALSE,FALSE,TRUE,person,TRUE,MALE,6
image_0977.jpg,TRUE,person,TRUE,UNKNOWN,3,TRUE,person,TRUE,UNKNOWN,3
image_0978.jpg,TRUE,cat,FALSE,FALSE,FALSE,TRUE,dog,FALSE,FALSE,FALSE
image_0979.jpg,TRUE,person,TRUE,MALE,2,TRUE,person,TRUE,FEMALE,4
image_0980.jpg,TRUE,person,TRUE,UNKNOWN,4,TRUE,background,FALSE,FALSE,FALSE
image_0981.jpg,TRUE,car,FALSE,FALSE,FALSE,FALSE,FALSE,FALSE,FALSE,FALSE
image_0982.jpg,TRUE,dog,FALSE,FALSE,FALSE,TRUE,person,TRUE,UNKNOWN,2
image_0983.jpg,TRUE,background,FALSE,FALSE,FALSE,FALSE,FALSE,FALSE,FALSE,FALSE
